-- MySQL dump 10.13  Distrib 5.1.73, for redhat-linux-gnu (x86_64)
--
-- Host: localhost    Database: ul_level
-- ------------------------------------------------------
-- Server version	5.1.73

/*!40101 SET @OLD_CHARACTER_SET_CLIENT=@@CHARACTER_SET_CLIENT */;
/*!40101 SET @OLD_CHARACTER_SET_RESULTS=@@CHARACTER_SET_RESULTS */;
/*!40101 SET @OLD_COLLATION_CONNECTION=@@COLLATION_CONNECTION */;
/*!40101 SET NAMES utf8 */;
/*!40103 SET @OLD_TIME_ZONE=@@TIME_ZONE */;
/*!40103 SET TIME_ZONE='+00:00' */;
/*!40014 SET @OLD_UNIQUE_CHECKS=@@UNIQUE_CHECKS, UNIQUE_CHECKS=0 */;
/*!40014 SET @OLD_FOREIGN_KEY_CHECKS=@@FOREIGN_KEY_CHECKS, FOREIGN_KEY_CHECKS=0 */;
/*!40101 SET @OLD_SQL_MODE=@@SQL_MODE, SQL_MODE='NO_AUTO_VALUE_ON_ZERO' */;
/*!40111 SET @OLD_SQL_NOTES=@@SQL_NOTES, SQL_NOTES=0 */;

--
-- Current Database: `ul_level`
--

/*!40000 DROP DATABASE IF EXISTS `ul_level`*/;

CREATE DATABASE /*!32312 IF NOT EXISTS*/ `ul_level` /*!40100 DEFAULT CHARACTER SET latin1 */;

USE `ul_level`;

--
-- Table structure for table `adj_room`
--

DROP TABLE IF EXISTS `adj_room`;
/*!40101 SET @saved_cs_client     = @@character_set_client */;
/*!40101 SET character_set_client = utf8 */;
CREATE TABLE `adj_room` (
  `level_id` int(10) unsigned NOT NULL,
  `room_id` int(10) unsigned NOT NULL,
  `adj_level_id` int(10) unsigned NOT NULL,
  `adj_room_id` int(10) unsigned NOT NULL,
  KEY `lookup__by_id` (`level_id`,`room_id`,`adj_level_id`,`adj_room_id`)
) ENGINE=MyISAM DEFAULT CHARSET=latin1;
/*!40101 SET character_set_client = @saved_cs_client */;

--
-- Dumping data for table `adj_room`
--

LOCK TABLES `adj_room` WRITE;
/*!40000 ALTER TABLE `adj_room` DISABLE KEYS */;
INSERT INTO `adj_room` VALUES (1,1,1,2),(1,2,1,1),(1,2,1,3),(1,3,1,2),(1,3,1,4),(1,4,1,3),(1,4,1,5),(1,5,1,4),(1,5,1,6),(1,6,1,5),(1,6,17,26),(1,6,18,29),(1,6,20,1),(1,6,20,3),(1,6,20,5),(1,6,20,7),(1,6,20,9),(1,6,20,11),(1,6,20,13),(1,6,20,15),(1,6,21,9),(1,6,22,29),(1,6,23,30),(1,6,24,29),(1,6,25,30),(1,6,26,25),(2,1,2,2),(2,1,2,9),(2,1,19,23),(2,2,2,1),(2,2,2,3),(2,3,2,2),(2,3,2,4),(2,4,2,3),(2,4,2,6),(2,5,2,3),(2,5,2,6),(2,5,2,7),(2,6,2,4),(2,6,2,5),(2,7,2,1),(2,7,2,5),(2,8,2,9),(2,8,19,30),(2,9,2,1),(2,9,2,8),(2,10,2,11),(2,10,2,18),(2,10,19,27),(2,11,2,10),(2,11,2,12),(2,12,2,11),(2,12,2,13),(2,13,2,12),(2,13,2,14),(2,13,2,15),(2,13,2,16),(2,13,2,17),(2,14,2,13),(2,14,2,20),(2,15,2,13),(2,16,2,13),(2,17,2,13),(2,17,2,28),(2,18,2,10),(2,18,2,19),(2,18,2,21),(2,19,2,18),(2,19,2,20),(2,19,2,22),(2,20,2,14),(2,20,2,19),(2,21,2,18),(2,21,2,23),(2,22,2,19),(2,22,2,23),(2,23,2,21),(2,23,2,22),(2,23,2,24),(2,23,2,27),(2,24,2,23),(2,24,2,25),(2,25,2,24),(2,25,2,26),(2,26,2,25),(2,26,2,27),(2,27,2,23),(2,27,2,26),(2,28,2,17),(2,28,2,29),(2,28,2,30),(2,29,2,28),(2,29,31,20),(2,30,2,28),(2,30,33,16),(2,31,2,25),(3,1,3,2),(3,1,3,11),(3,1,19,27),(3,2,3,1),(3,2,3,3),(3,2,3,16),(3,3,3,2),(3,3,3,4),(3,4,3,3),(3,4,3,5),(3,5,3,4),(3,5,3,6),(3,6,3,5),(3,6,3,7),(3,7,3,6),(3,7,3,8),(3,7,3,21),(3,8,3,7),(3,8,3,9),(3,9,3,8),(3,9,3,10),(3,10,3,9),(3,10,23,32),(3,11,3,1),(3,11,3,12),(3,12,3,11),(3,12,3,13),(3,13,3,12),(3,13,3,14),(3,14,3,13),(3,14,3,15),(3,15,3,14),(3,15,19,22),(3,16,3,2),(3,16,3,17),(3,17,3,16),(3,17,3,18),(3,17,3,19),(3,17,3,20),(3,18,3,17),(3,19,3,17),(3,20,3,17),(3,21,3,7),(3,21,3,21),(3,21,3,22),(3,21,19,21),(3,22,3,21),(3,22,3,23),(3,22,3,24),(3,22,3,25),(3,23,3,22),(3,24,3,22),(3,25,3,22),(3,26,4,1),(3,26,15,22),(3,26,19,1),(3,26,20,15),(3,27,19,2),(3,28,3,29),(3,29,3,5),(4,1,3,26),(4,1,4,2),(4,1,5,28),(4,1,20,1),(4,2,4,1),(4,2,4,3),(4,3,4,2),(4,3,4,4),(4,3,4,12),(4,4,4,3),(4,4,4,5),(4,5,4,4),(4,5,4,6),(4,5,4,13),(4,6,4,5),(4,6,4,7),(4,7,4,6),(4,7,4,8),(4,7,4,14),(4,8,4,7),(4,8,4,9),(4,9,4,8),(4,9,4,10),(4,9,4,15),(4,9,4,31),(4,10,4,9),(4,10,4,11),(4,11,4,10),(4,11,4,16),(4,11,4,17),(4,12,4,3),(4,13,4,5),(4,14,4,7),(4,15,4,9),(4,16,4,11),(4,17,4,11),(4,17,4,18),(4,17,4,21),(4,18,4,17),(4,18,4,19),(4,18,4,20),(4,19,4,18),(4,19,4,20),(4,20,4,18),(4,20,4,19),(4,21,4,17),(4,21,4,22),(4,22,4,21),(4,22,4,23),(4,22,4,24),(4,23,4,22),(4,23,31,19),(4,24,4,22),(4,24,4,25),(4,24,4,26),(4,25,4,24),(4,25,28,1),(4,26,4,24),(4,26,4,27),(4,27,4,26),(4,27,4,28),(4,27,4,29),(4,27,4,30),(4,28,4,27),(4,28,18,32),(4,29,4,27),(4,30,4,27),(4,31,4,10),(5,1,5,2),(5,1,5,28),(5,2,5,1),(5,2,5,3),(5,2,5,4),(5,2,5,6),(5,3,5,2),(5,3,5,5),(5,3,5,17),(5,4,5,2),(5,4,5,7),(5,5,5,3),(5,5,5,6),(5,5,5,9),(5,6,5,2),(5,6,5,5),(5,6,5,7),(5,6,5,8),(5,7,5,4),(5,7,5,6),(5,7,5,10),(5,8,5,6),(5,8,5,9),(5,8,5,10),(5,9,5,5),(5,9,5,8),(5,9,5,12),(5,9,5,14),(5,10,5,7),(5,10,5,8),(5,10,5,11),(5,11,5,10),(5,11,5,22),(5,12,5,9),(5,12,5,13),(5,12,5,20),(5,13,5,12),(5,13,5,14),(5,13,5,15),(5,13,5,19),(5,14,5,9),(5,14,5,13),(5,14,5,15),(5,15,5,13),(5,15,5,14),(5,15,5,16),(5,16,5,15),(5,16,5,17),(5,17,5,3),(5,17,5,16),(5,17,5,18),(5,17,5,19),(5,18,5,17),(5,18,5,25),(5,19,5,13),(5,19,5,17),(5,19,5,20),(5,19,5,27),(5,20,5,12),(5,20,5,19),(5,20,5,21),(5,20,5,22),(5,21,5,20),(5,21,5,23),(5,22,5,11),(5,22,5,20),(5,22,30,1),(5,23,5,21),(5,23,5,24),(5,24,5,23),(5,24,5,25),(5,24,5,26),(5,25,5,18),(5,25,5,24),(5,25,37,7),(5,26,5,24),(5,26,26,28),(5,27,5,29),(5,28,4,1),(5,28,5,1),(5,28,6,29),(5,28,20,3),(5,29,5,27),(5,29,5,30),(5,29,48,1),(5,30,5,3),(5,30,5,29),(6,1,6,2),(6,1,6,29),(6,2,6,1),(6,2,6,3),(6,3,6,2),(6,3,6,4),(6,3,6,26),(6,4,6,3),(6,4,6,5),(6,4,6,14),(6,4,6,21),(6,4,6,28),(6,5,6,4),(6,5,6,6),(6,5,6,18),(6,6,6,5),(6,6,6,7),(6,6,6,19),(6,7,6,6),(6,7,6,8),(6,8,6,7),(6,8,6,9),(6,8,6,23),(6,9,6,8),(6,9,6,10),(6,10,6,9),(6,10,6,11),(6,11,6,10),(6,11,6,12),(6,12,6,11),(6,12,6,13),(6,13,6,12),(6,13,7,1),(6,14,6,4),(6,14,6,15),(6,15,6,14),(6,15,6,16),(6,16,6,15),(6,16,6,17),(6,17,6,16),(6,17,6,18),(6,18,6,5),(6,18,6,17),(6,19,6,6),(6,19,6,20),(6,20,6,19),(6,20,6,22),(6,20,6,24),(6,21,6,4),(6,21,6,22),(6,21,6,25),(6,22,6,20),(6,22,6,21),(6,23,6,4),(6,24,6,20),(6,24,6,25),(6,25,6,21),(6,25,6,24),(6,26,6,3),(6,26,6,27),(6,27,6,26),(6,27,6,28),(6,28,6,4),(6,28,6,27),(6,29,5,28),(6,29,6,1),(6,29,11,16),(6,29,20,5),(7,1,6,13),(7,1,7,2),(7,2,7,1),(7,2,7,3),(7,3,7,2),(7,3,7,4),(7,4,7,3),(7,4,7,5),(7,5,7,4),(7,5,7,6),(7,5,7,8),(7,6,7,5),(7,6,7,7),(7,6,22,31),(7,7,7,6),(7,7,7,8),(7,8,7,5),(7,8,7,7),(7,8,30,6),(7,8,34,10),(7,9,7,4),(8,1,8,2),(8,1,8,24),(8,1,11,16),(8,2,8,1),(8,2,8,3),(8,3,8,2),(8,3,8,4),(8,3,8,5),(8,4,8,3),(8,4,8,10),(8,5,8,3),(8,5,8,6),(8,6,8,5),(8,6,8,7),(8,6,8,8),(8,6,8,9),(8,7,8,6),(8,8,8,6),(8,9,8,6),(8,10,8,4),(8,10,8,11),(8,10,8,14),(8,11,8,10),(8,11,8,12),(8,11,8,19),(8,12,8,11),(8,12,8,13),(8,13,8,12),(8,13,8,23),(8,14,8,10),(8,14,8,15),(8,15,8,14),(8,15,8,16),(8,15,9,1),(8,16,8,15),(8,16,8,17),(8,16,8,18),(8,17,8,16),(8,17,8,18),(8,18,8,16),(8,18,8,17),(8,19,8,11),(8,19,8,20),(8,20,8,19),(8,20,8,21),(8,21,8,20),(8,21,8,22),(8,21,9,3),(8,22,8,21),(8,23,8,13),(8,23,9,4),(8,24,8,1),(8,25,8,1),(8,25,8,25),(9,1,8,15),(9,1,9,2),(9,2,9,1),(9,2,9,3),(9,3,8,21),(9,3,9,2),(9,3,9,19),(9,4,8,23),(9,4,9,5),(9,4,9,8),(9,5,9,4),(9,5,9,6),(9,6,9,5),(9,6,9,7),(9,7,8,23),(9,7,9,6),(9,7,10,1),(9,7,10,16),(9,8,9,4),(9,8,9,9),(9,8,9,19),(9,9,9,8),(9,9,9,10),(9,10,9,9),(9,10,9,11),(9,11,9,10),(9,11,9,12),(9,12,9,11),(9,12,9,13),(9,12,9,14),(9,12,9,15),(9,13,9,12),(9,13,9,16),(9,14,9,12),(9,14,9,16),(9,15,9,12),(9,16,9,13),(9,16,9,14),(9,16,9,17),(9,17,9,16),(9,17,9,18),(9,18,9,17),(9,18,9,19),(9,19,9,3),(9,19,9,8),(9,19,9,18),(10,1,9,7),(10,1,10,2),(10,1,10,4),(10,2,10,1),(10,2,10,3),(10,3,10,2),(10,3,10,15),(10,4,10,1),(10,4,10,5),(10,5,10,4),(10,5,10,6),(10,5,10,7),(10,5,10,8),(10,6,10,5),(10,7,10,5),(10,8,10,5),(10,9,10,10),(10,9,10,16),(10,10,10,9),(10,10,10,11),(10,10,10,14),(10,11,10,10),(10,11,10,12),(10,11,29,10),(10,12,10,11),(10,12,10,13),(10,13,10,12),(10,13,11,1),(10,14,10,10),(10,14,10,15),(10,15,10,3),(10,15,10,14),(10,16,9,7),(10,16,10,9),(10,16,10,17),(10,17,10,16),(10,17,10,18),(10,18,10,17),(10,18,10,20),(10,18,11,10),(10,19,10,22),(10,19,25,12),(10,20,10,18),(10,20,10,21),(10,21,10,20),(10,21,10,22),(10,21,11,12),(10,22,10,19),(10,22,10,21),(11,1,10,13),(11,1,11,2),(11,1,11,3),(11,1,11,4),(11,1,11,6),(11,2,11,1),(11,2,11,3),(11,2,11,6),(11,2,11,7),(11,3,11,1),(11,3,11,2),(11,3,11,5),(11,4,11,1),(11,4,11,5),(11,4,11,6),(11,5,11,3),(11,5,11,4),(11,6,11,1),(11,6,11,2),(11,6,11,4),(11,7,11,2),(11,7,11,8),(11,8,11,7),(11,8,11,9),(11,9,11,8),(11,9,34,1),(11,10,10,18),(11,10,11,1),(11,10,11,11),(11,11,11,10),(11,12,10,21),(11,12,11,13),(11,12,11,14),(11,12,11,15),(11,13,11,12),(11,14,11,12),(11,15,11,12),(11,16,6,29),(11,16,8,1),(11,16,12,2),(11,16,20,7),(12,1,12,2),(12,1,12,3),(12,2,11,16),(12,2,12,1),(12,2,13,1),(12,2,20,9),(12,3,12,1),(12,3,12,4),(12,3,12,26),(12,4,12,3),(12,4,12,5),(12,4,12,20),(12,4,12,29),(12,5,12,4),(12,5,12,6),(12,5,12,28),(12,6,12,5),(12,6,12,7),(12,6,12,27),(12,6,12,31),(12,7,12,6),(12,7,12,8),(12,8,12,7),(12,8,12,9),(12,8,12,23),(12,9,12,8),(12,9,12,10),(12,10,12,9),(12,10,12,11),(12,11,12,10),(12,11,12,12),(12,12,12,11),(12,12,12,13),(12,13,12,12),(12,13,12,14),(12,14,12,13),(12,14,12,15),(12,15,12,14),(12,15,12,16),(12,16,12,15),(12,16,12,17),(12,17,12,16),(12,17,12,18),(12,18,12,17),(12,18,12,19),(12,18,12,21),(12,19,12,18),(12,19,12,30),(12,20,12,4),(12,20,12,21),(12,20,12,25),(12,21,12,18),(12,21,12,20),(12,21,12,22),(12,21,29,1),(12,22,12,21),(12,23,12,4),(12,24,12,25),(12,24,32,1),(12,25,12,20),(12,25,12,24),(12,26,12,3),(12,26,12,29),(12,27,12,6),(12,27,12,28),(12,28,12,5),(12,28,12,27),(12,29,12,4),(12,29,12,26),(12,30,12,19),(12,30,17,32),(12,31,12,6),(12,32,12,8),(13,1,12,2),(13,1,13,2),(13,1,15,22),(13,1,20,11),(13,2,13,1),(13,2,13,3),(13,3,13,2),(13,3,13,4),(13,4,13,3),(13,4,13,5),(13,4,13,7),(13,4,13,17),(13,5,13,4),(13,5,13,6),(13,5,14,4),(13,6,13,5),(13,6,13,13),(13,6,13,15),(13,7,13,4),(13,7,13,8),(13,8,13,7),(13,8,13,9),(13,9,13,8),(13,9,13,10),(13,9,13,11),(13,9,13,12),(13,10,13,9),(13,11,13,9),(13,12,13,9),(13,13,13,6),(13,13,13,14),(13,14,13,13),(13,14,14,1),(13,15,13,6),(13,15,13,16),(13,16,13,15),(13,16,13,17),(13,17,13,4),(13,17,13,16),(14,1,13,14),(14,1,14,2),(14,2,14,1),(14,2,14,3),(14,3,14,2),(14,3,14,4),(14,3,14,11),(14,4,13,5),(14,4,14,3),(14,4,14,5),(14,5,14,4),(14,5,14,6),(14,5,14,9),(14,6,14,5),(14,6,14,7),(14,6,27,1),(14,6,32,8),(14,7,14,6),(14,7,14,8),(14,8,14,7),(14,8,21,31),(14,9,14,5),(14,9,14,10),(14,10,14,9),(14,10,14,11),(14,11,14,3),(14,11,14,10),(14,12,14,1),(15,1,15,2),(15,1,15,22),(15,2,15,1),(15,2,15,3),(15,2,15,6),(15,3,15,2),(15,3,15,4),(15,4,15,3),(15,4,15,5),(15,4,15,19),(15,5,15,4),(15,5,15,17),(15,5,15,20),(15,5,15,21),(15,6,15,2),(15,6,15,7),(15,6,15,8),(15,7,15,6),(15,7,15,7),(15,7,15,8),(15,7,15,19),(15,8,15,6),(15,8,15,7),(15,8,15,9),(15,9,15,8),(15,9,15,10),(15,9,15,14),(15,9,15,20),(15,9,16,9),(15,10,15,9),(15,10,15,11),(15,11,15,10),(15,11,15,12),(15,12,15,11),(15,12,15,13),(15,12,15,14),(15,13,15,12),(15,13,15,14),(15,14,15,9),(15,14,15,12),(15,14,15,13),(15,14,15,15),(15,15,15,14),(15,15,15,16),(15,15,15,21),(15,16,15,15),(15,16,15,19),(15,16,27,19),(15,17,15,5),(15,17,15,18),(15,18,15,17),(15,18,16,1),(15,19,15,4),(15,19,15,7),(15,19,15,16),(15,19,15,20),(15,20,15,5),(15,20,15,9),(15,20,15,19),(15,21,15,5),(15,21,15,15),(15,22,3,26),(15,22,13,1),(15,22,15,1),(15,22,20,13),(16,1,15,18),(16,1,16,2),(16,2,16,1),(16,2,16,3),(16,2,16,5),(16,3,16,2),(16,3,16,4),(16,4,16,3),(16,4,16,5),(16,4,16,6),(16,5,16,2),(16,5,16,4),(16,5,16,6),(16,5,16,9),(16,6,16,4),(16,6,16,5),(16,6,16,7),(16,7,16,6),(16,7,16,8),(16,8,16,7),(16,8,24,30),(16,9,15,9),(16,9,16,5),(16,9,33,1),(17,1,17,2),(17,2,17,1),(17,2,17,4),(17,2,17,11),(17,3,17,2),(17,3,17,11),(17,4,17,2),(17,4,17,9),(17,4,17,11),(17,4,17,12),(17,4,17,13),(17,4,17,14),(17,4,17,15),(17,4,17,16),(17,4,17,17),(17,4,17,18),(17,4,17,19),(17,4,17,21),(17,4,17,27),(17,5,17,7),(17,5,17,28),(17,6,17,7),(17,6,17,27),(17,7,17,5),(17,7,17,6),(17,7,17,23),(17,7,17,28),(17,8,17,28),(17,9,17,11),(17,10,12,30),(17,10,17,11),(17,11,17,3),(17,11,17,4),(17,11,17,22),(17,11,17,32),(17,12,17,4),(17,13,17,4),(17,14,17,4),(17,15,17,11),(17,16,17,4),(17,17,17,4),(17,18,17,4),(17,19,17,6),(17,20,17,21),(17,21,17,4),(17,21,17,20),(17,21,17,22),(17,21,40,1),(17,22,17,11),(17,22,17,21),(17,23,17,7),(17,23,17,24),(17,24,17,23),(17,24,17,25),(17,25,17,24),(17,26,17,1),(17,26,17,20),(17,26,17,23),(17,27,17,4),(17,27,17,6),(17,28,17,5),(17,28,17,7),(17,28,17,8),(17,28,17,28),(17,28,17,30),(17,28,17,32),(17,29,17,28),(17,30,17,7),(17,31,17,30),(17,32,12,30),(17,32,17,11),(18,1,18,2),(18,1,18,14),(18,2,18,1),(18,2,18,3),(18,2,18,4),(18,3,18,2),(18,3,18,5),(18,4,18,2),(18,4,18,5),(18,4,18,8),(18,4,18,11),(18,4,18,14),(18,4,18,15),(18,4,18,19),(18,4,18,20),(18,4,18,21),(18,4,18,22),(18,4,18,24),(18,4,18,30),(18,5,18,3),(18,5,18,4),(18,5,18,7),(18,5,18,13),(18,5,18,32),(18,6,4,28),(18,6,18,5),(18,7,18,5),(18,7,18,8),(18,8,18,4),(18,8,18,7),(18,8,18,9),(18,8,40,1),(18,9,18,8),(18,9,18,14),(18,10,18,11),(18,10,18,12),(18,10,18,13),(18,10,18,14),(18,11,18,4),(18,11,18,10),(18,12,18,10),(18,13,18,5),(18,13,18,10),(18,14,18,1),(18,14,18,9),(18,14,18,10),(18,14,18,16),(18,15,18,4),(18,15,18,16),(18,15,18,27),(18,15,18,28),(18,16,18,14),(18,16,18,15),(18,16,18,16),(18,16,18,17),(18,16,18,18),(18,16,18,31),(18,16,18,32),(18,17,18,16),(18,17,18,25),(18,18,18,16),(18,19,18,4),(18,20,18,4),(18,21,18,4),(18,22,18,4),(18,23,18,5),(18,24,18,4),(18,25,18,17),(18,25,18,26),(18,26,18,25),(18,27,18,15),(18,28,18,15),(18,29,18,1),(18,29,18,9),(18,29,18,13),(18,30,18,4),(18,30,18,30),(18,31,18,16),(18,32,4,28),(18,32,18,5),(19,1,3,26),(19,1,19,2),(19,2,3,27),(19,2,19,1),(19,2,19,3),(19,3,19,2),(19,3,19,4),(19,3,19,31),(19,4,19,3),(19,4,19,5),(19,4,19,10),(19,5,19,4),(19,5,19,6),(19,6,19,5),(19,6,19,6),(19,6,19,7),(19,6,19,8),(19,6,19,9),(19,7,19,6),(19,8,19,6),(19,9,19,6),(19,10,19,4),(19,10,19,11),(19,10,19,17),(19,11,19,10),(19,11,19,12),(19,12,19,11),(19,12,19,13),(19,13,19,12),(19,13,19,14),(19,14,19,13),(19,14,19,15),(19,14,19,16),(19,15,19,14),(19,15,19,28),(19,16,19,14),(19,16,19,20),(19,17,19,10),(19,17,19,18),(19,18,19,17),(19,18,19,19),(19,19,19,18),(19,19,19,29),(19,20,19,16),(19,20,19,21),(19,21,19,20),(19,21,19,22),(19,21,19,29),(19,22,3,15),(19,22,19,21),(19,22,19,22),(19,22,19,33),(19,23,2,1),(19,23,19,24),(19,23,19,28),(19,24,19,23),(19,24,19,25),(19,25,19,24),(19,25,19,26),(19,26,19,25),(19,26,19,27),(19,27,2,10),(19,27,3,1),(19,27,19,26),(19,28,19,15),(19,28,19,23),(19,29,19,19),(19,29,19,21),(19,29,19,30),(19,30,2,8),(19,30,19,29),(19,31,19,3),(19,32,19,34),(19,33,19,1),(19,33,19,6),(19,33,19,22),(19,33,19,28),(19,33,19,33),(19,33,19,34),(19,34,19,22),(19,34,19,32),(19,34,19,33),(20,1,4,1),(20,1,18,29),(20,1,20,2),(20,1,20,16),(20,1,45,21),(20,2,20,1),(20,2,20,3),(20,2,39,2),(20,3,5,28),(20,3,20,2),(20,3,20,4),(20,3,26,25),(20,3,45,21),(20,4,20,3),(20,4,20,5),(20,4,20,17),(20,5,6,29),(20,5,20,4),(20,5,20,6),(20,5,22,29),(20,5,45,21),(20,6,20,5),(20,6,20,7),(20,6,41,1),(20,7,11,16),(20,7,20,6),(20,7,20,8),(20,7,25,30),(20,7,45,21),(20,8,20,7),(20,8,20,9),(20,9,12,2),(20,9,17,26),(20,9,20,8),(20,9,20,10),(20,9,45,21),(20,10,20,9),(20,10,20,11),(20,10,39,29),(20,11,13,1),(20,11,20,10),(20,11,20,12),(20,11,21,9),(20,11,45,21),(20,12,20,11),(20,12,20,13),(20,12,20,17),(20,13,15,22),(20,13,20,12),(20,13,20,14),(20,13,24,29),(20,13,45,21),(20,14,20,13),(20,14,20,15),(20,14,41,1),(20,15,3,26),(20,15,20,14),(20,15,20,16),(20,15,23,30),(20,15,45,21),(20,16,20,1),(20,16,20,15),(20,17,20,4),(20,17,20,12),(20,17,20,18),(20,18,20,17),(20,18,20,19),(20,19,20,18),(20,19,49,1),(21,1,14,8),(21,1,21,2),(21,2,21,4),(21,2,21,15),(21,2,21,16),(21,2,21,21),(21,2,21,22),(21,2,21,31),(21,3,21,4),(21,3,21,6),(21,3,21,10),(21,3,21,13),(21,3,21,17),(21,3,21,18),(21,3,21,19),(21,3,21,20),(21,3,21,25),(21,3,21,28),(21,3,21,29),(21,4,21,2),(21,4,21,5),(21,4,21,6),(21,4,21,8),(21,5,21,4),(21,5,21,6),(21,6,21,3),(21,6,21,5),(21,6,21,7),(21,7,21,6),(21,8,21,4),(21,8,21,10),(21,9,21,7),(21,9,21,11),(21,9,21,12),(21,10,21,3),(21,10,21,8),(21,10,21,11),(21,10,40,1),(21,11,21,10),(21,12,21,13),(21,13,21,3),(21,13,21,12),(21,13,21,14),(21,13,21,25),(21,14,21,13),(21,15,21,2),(21,15,21,24),(21,16,21,2),(21,16,21,3),(21,16,21,23),(21,17,21,3),(21,18,21,3),(21,19,21,3),(21,20,21,3),(21,21,21,2),(21,22,21,2),(21,23,21,16),(21,24,21,15),(21,25,21,3),(21,25,21,13),(21,25,21,26),(21,25,21,28),(21,25,21,29),(21,25,21,30),(21,26,21,25),(21,26,21,28),(21,27,21,28),(21,28,21,3),(21,28,21,25),(21,28,21,26),(21,28,21,27),(21,28,21,29),(21,29,21,3),(21,29,21,16),(21,29,21,25),(21,29,21,28),(21,30,21,29),(21,31,14,8),(21,31,21,2),(22,1,7,6),(22,1,22,2),(22,2,22,3),(22,2,22,6),(22,2,22,9),(22,2,22,23),(22,2,22,25),(22,2,22,31),(22,3,22,2),(22,3,22,4),(22,3,22,7),(22,3,22,10),(22,3,22,12),(22,3,22,13),(22,3,22,14),(22,3,22,15),(22,3,22,16),(22,3,22,19),(22,3,22,21),(22,3,22,26),(22,3,22,28),(22,4,22,3),(22,4,22,5),(22,5,22,4),(22,5,22,5),(22,5,22,16),(22,5,22,17),(22,5,22,18),(22,5,22,24),(22,5,22,25),(22,5,22,27),(22,5,22,30),(22,6,22,2),(22,6,22,7),(22,7,22,3),(22,7,22,6),(22,7,22,8),(22,8,22,7),(22,8,22,16),(22,9,22,2),(22,9,22,10),(22,10,22,3),(22,10,22,9),(22,10,22,11),(22,10,40,1),(22,11,22,10),(22,11,22,16),(22,12,22,3),(22,13,22,3),(22,14,22,3),(22,15,22,3),(22,16,22,2),(22,16,22,8),(22,16,22,11),(22,16,22,20),(22,17,22,5),(22,18,22,5),(22,19,22,3),(22,19,22,20),(22,20,22,16),(22,20,22,19),(22,20,22,21),(22,20,22,22),(22,21,22,3),(22,21,22,20),(22,22,22,20),(22,23,22,2),(22,23,22,24),(22,24,22,5),(22,24,22,23),(22,25,22,2),(22,25,22,5),(22,26,22,3),(22,26,22,27),(22,27,22,5),(22,27,22,26),(22,27,22,28),(22,28,22,3),(22,28,22,27),(22,29,22,8),(22,29,22,11),(22,29,22,19),(22,30,22,2),(22,30,22,5),(22,30,22,26),(22,30,22,28),(22,31,7,6),(22,31,22,2),(23,1,3,10),(23,1,23,2),(23,2,23,3),(23,2,23,4),(23,2,23,8),(23,2,23,11),(23,3,23,2),(23,3,23,6),(23,3,23,7),(23,3,23,32),(23,4,23,2),(23,4,23,5),(23,5,23,4),(23,5,23,9),(23,5,23,12),(23,5,23,14),(23,5,23,19),(23,5,23,20),(23,5,23,21),(23,5,23,22),(23,5,23,23),(23,5,23,24),(23,5,23,25),(23,5,23,26),(23,6,23,3),(23,6,23,14),(23,6,23,17),(23,7,23,3),(23,7,23,18),(23,7,23,23),(23,8,23,2),(23,8,23,29),(23,9,23,5),(23,9,23,10),(23,9,23,29),(23,10,23,9),(23,11,23,2),(23,11,23,12),(23,12,23,5),(23,12,23,11),(23,12,23,13),(23,12,40,1),(23,13,23,12),(23,14,23,5),(23,14,23,6),(23,14,23,15),(23,14,23,16),(23,15,23,14),(23,16,23,9),(23,16,23,12),(23,16,23,14),(23,17,23,6),(23,18,23,7),(23,19,23,5),(23,20,23,5),(23,21,23,5),(23,22,23,5),(23,23,23,5),(23,23,23,7),(23,23,23,24),(23,23,23,25),(23,23,23,26),(23,23,23,28),(23,24,23,5),(23,24,23,23),(23,24,23,25),(23,24,23,26),(23,24,23,29),(23,24,23,31),(23,25,23,5),(23,25,23,23),(23,25,23,24),(23,25,23,26),(23,25,23,27),(23,26,23,5),(23,26,23,23),(23,26,23,24),(23,26,23,25),(23,26,23,27),(23,26,23,32),(23,27,23,25),(23,27,23,26),(23,28,23,23),(23,29,23,8),(23,29,23,9),(23,29,23,24),(23,30,23,10),(23,30,23,13),(23,30,23,16),(23,31,23,25),(23,32,3,10),(23,32,23,3),(24,1,16,8),(24,1,24,2),(24,2,24,6),(24,2,24,9),(24,2,24,20),(24,2,24,23),(24,2,24,24),(24,2,24,30),(24,3,24,4),(24,3,24,23),(24,4,24,3),(24,4,24,5),(24,4,24,8),(24,4,24,11),(24,4,24,15),(24,4,24,16),(24,4,24,21),(24,4,24,22),(24,4,24,25),(24,4,24,26),(24,4,24,27),(24,5,24,4),(24,5,24,6),(24,5,24,7),(24,5,24,28),(24,6,24,2),(24,6,24,5),(24,7,24,5),(24,8,24,4),(24,8,24,9),(24,8,24,10),(24,8,40,1),(24,9,24,2),(24,9,24,8),(24,10,24,8),(24,11,24,4),(24,11,24,12),(24,11,24,13),(24,11,24,23),(24,12,24,5),(24,12,24,8),(24,12,24,11),(24,13,24,11),(24,14,24,17),(24,14,24,19),(24,14,24,30),(24,15,24,4),(24,15,24,16),(24,15,24,21),(24,15,24,24),(24,15,24,28),(24,16,24,4),(24,16,24,15),(24,16,24,20),(24,16,24,21),(24,16,24,28),(24,17,24,14),(24,17,24,17),(24,17,24,18),(24,17,24,28),(24,18,24,17),(24,18,24,28),(24,19,24,14),(24,20,24,2),(24,20,24,16),(24,21,24,4),(24,21,24,15),(24,21,24,16),(24,22,24,4),(24,23,24,2),(24,23,24,3),(24,23,24,11),(24,24,24,2),(24,24,24,15),(24,25,24,4),(24,26,24,4),(24,27,24,4),(24,28,24,15),(24,28,24,16),(24,28,24,17),(24,28,24,18),(24,29,24,7),(24,29,24,10),(24,29,24,12),(24,30,16,8),(24,30,24,2),(25,1,25,2),(25,1,25,4),(25,1,25,17),(25,1,25,18),(25,2,25,1),(25,2,25,3),(25,2,25,4),(25,2,25,23),(25,3,25,2),(25,4,25,1),(25,4,25,6),(25,4,25,9),(25,4,25,22),(25,4,25,24),(25,5,25,26),(25,5,25,28),(25,6,25,4),(25,6,25,7),(25,7,25,6),(25,7,25,8),(25,7,25,20),(25,8,25,7),(25,8,25,24),(25,9,25,4),(25,9,25,10),(25,10,25,9),(25,10,25,11),(25,10,25,21),(25,10,40,1),(25,11,25,10),(25,11,25,24),(25,12,10,19),(25,12,25,13),(25,12,25,14),(25,12,25,24),(25,13,25,12),(25,13,25,27),(25,13,25,31),(25,14,25,12),(25,14,25,28),(25,14,25,31),(25,15,25,15),(25,15,25,16),(25,15,25,17),(25,15,25,18),(25,15,25,20),(25,15,25,21),(25,15,25,27),(25,15,25,28),(25,16,25,4),(25,16,25,15),(25,16,25,23),(25,17,25,15),(25,17,25,19),(25,18,25,15),(25,18,25,19),(25,19,25,24),(25,20,25,7),(25,20,25,15),(25,21,25,10),(25,21,25,15),(25,22,25,4),(25,22,25,16),(25,23,25,2),(25,23,25,16),(25,24,25,4),(25,24,25,8),(25,24,25,11),(25,24,25,12),(25,24,25,19),(25,24,25,25),(25,24,25,26),(25,25,25,24),(25,25,25,29),(25,26,25,5),(25,26,25,24),(25,27,25,13),(25,27,25,15),(25,27,25,29),(25,28,25,5),(25,28,25,14),(25,28,25,15),(25,29,25,25),(25,29,25,27),(25,30,25,1),(25,30,25,6),(25,30,25,9),(25,31,25,13),(25,31,25,14),(26,1,5,26),(26,1,26,2),(26,2,26,3),(26,2,26,4),(26,2,26,7),(26,2,26,19),(26,2,26,26),(26,2,26,28),(26,3,26,2),(26,3,26,5),(26,3,26,8),(26,3,26,10),(26,3,26,13),(26,3,26,14),(26,3,26,15),(26,3,26,16),(26,3,26,17),(26,3,26,18),(26,3,26,19),(26,4,26,2),(26,4,26,5),(26,5,26,3),(26,5,26,4),(26,5,26,26),(26,6,26,5),(26,7,26,2),(26,7,26,8),(26,8,26,3),(26,8,26,7),(26,8,26,9),(26,8,40,1),(26,9,26,8),(26,10,26,3),(26,10,26,11),(26,10,26,12),(26,10,26,26),(26,11,26,10),(26,12,26,10),(26,13,26,3),(26,14,26,3),(26,14,26,19),(26,15,26,3),(26,16,26,3),(26,17,26,3),(26,18,26,3),(26,19,26,2),(26,19,26,3),(26,19,26,14),(26,19,26,20),(26,19,26,26),(26,19,26,28),(26,20,26,19),(26,20,26,20),(26,20,26,27),(26,20,26,29),(26,21,26,1),(26,22,26,22),(26,22,26,23),(26,22,26,30),(26,23,26,22),(26,23,26,23),(26,23,26,24),(26,24,26,23),(26,25,26,6),(26,25,26,9),(26,25,26,11),(26,26,26,5),(26,26,26,9),(26,26,26,10),(26,26,26,19),(26,27,26,19),(26,28,5,26),(26,28,26,2),(26,29,26,20),(26,29,26,30),(26,30,26,22),(26,30,26,29),(27,1,14,6),(27,1,27,2),(27,1,27,3),(27,2,27,1),(27,2,27,3),(27,2,27,5),(27,3,27,1),(27,3,27,2),(27,3,27,4),(27,4,27,3),(27,4,27,5),(27,4,27,7),(27,4,27,11),(27,4,27,13),(27,4,27,22),(27,5,27,2),(27,5,27,4),(27,5,27,6),(27,6,27,5),(27,6,27,7),(27,6,27,8),(27,7,27,4),(27,7,27,6),(27,7,27,12),(27,8,27,6),(27,8,27,9),(27,9,27,8),(27,9,27,10),(27,10,27,6),(27,10,27,9),(27,10,27,12),(27,11,27,4),(27,12,27,7),(27,12,27,10),(27,12,27,13),(27,12,27,14),(27,13,27,12),(27,13,27,15),(27,13,27,16),(27,13,27,21),(27,14,27,12),(27,14,27,19),(27,15,27,13),(27,15,27,18),(27,16,27,13),(27,16,35,11),(27,17,27,19),(27,18,27,15),(27,19,15,16),(27,19,27,14),(27,19,27,17),(27,19,27,20),(27,20,27,19),(27,20,27,23),(27,21,27,13),(27,21,27,22),(27,22,27,4),(27,22,27,21),(27,23,27,19),(28,1,4,25),(28,1,28,2),(28,1,28,12),(28,1,37,1),(28,2,28,1),(28,2,28,3),(28,3,28,2),(28,3,28,4),(28,3,28,5),(28,3,28,6),(28,4,28,3),(28,4,28,11),(28,5,28,3),(28,5,28,9),(28,5,28,11),(28,5,37,7),(28,6,28,3),(28,6,28,7),(28,6,28,8),(28,7,28,6),(28,7,28,10),(28,7,28,12),(28,8,28,6),(28,8,28,9),(28,8,28,10),(28,8,37,5),(28,9,28,5),(28,9,28,8),(28,10,28,7),(28,10,28,8),(28,11,28,2),(28,11,28,4),(28,11,28,5),(28,11,37,8),(28,11,37,9),(28,12,28,1),(28,12,28,7),(29,1,12,21),(29,1,29,2),(29,2,29,1),(29,2,29,3),(29,2,29,7),(29,2,29,17),(29,3,29,2),(29,3,29,4),(29,3,29,15),(29,4,29,3),(29,4,29,5),(29,4,29,14),(29,4,29,17),(29,5,29,4),(29,5,29,6),(29,5,29,16),(29,6,29,5),(29,6,29,9),(29,6,29,10),(29,6,29,17),(29,7,29,2),(29,7,29,8),(29,7,29,12),(29,7,29,20),(29,8,29,7),(29,8,29,9),(29,8,29,11),(29,8,29,17),(29,9,29,6),(29,9,29,8),(29,9,29,13),(29,10,10,11),(29,10,29,6),(29,11,29,8),(29,11,29,12),(29,11,29,13),(29,11,29,19),(29,12,29,7),(29,12,29,11),(29,12,35,17),(29,13,29,9),(29,13,29,11),(29,14,29,4),(29,14,29,15),(29,15,29,3),(29,15,29,14),(29,15,29,18),(29,16,29,5),(29,16,29,18),(29,17,29,2),(29,17,29,4),(29,17,29,6),(29,17,29,8),(29,18,29,15),(29,18,29,16),(29,19,29,11),(29,20,29,7),(29,21,29,3),(30,1,5,22),(30,1,30,2),(30,2,30,1),(30,2,30,3),(30,2,30,7),(30,3,30,2),(30,3,30,4),(30,4,30,3),(30,4,30,5),(30,4,30,7),(30,4,30,11),(30,5,30,4),(30,5,30,6),(30,5,30,8),(30,6,7,8),(30,6,30,5),(30,7,30,2),(30,7,30,4),(30,8,30,5),(30,8,30,9),(30,9,30,8),(30,9,30,10),(30,10,30,9),(30,11,30,4),(30,11,30,12),(30,11,45,3),(30,12,30,11),(30,12,30,13),(30,13,30,12),(30,13,30,14),(30,14,30,13),(30,14,30,15),(30,15,30,14),(30,15,36,17),(31,1,31,2),(31,1,31,19),(31,2,31,1),(31,2,31,3),(31,2,31,8),(31,3,31,2),(31,3,31,4),(31,3,31,9),(31,4,31,3),(31,4,31,5),(31,4,31,6),(31,5,31,4),(31,6,31,4),(31,6,31,7),(31,7,31,6),(31,7,31,10),(31,7,36,1),(31,8,31,2),(31,8,31,9),(31,8,31,14),(31,8,31,21),(31,9,31,8),(31,9,31,10),(31,10,31,9),(31,10,31,11),(31,11,31,10),(31,11,31,12),(31,12,31,11),(31,12,31,13),(31,13,31,12),(31,13,31,20),(31,14,31,8),(31,14,31,14),(31,14,31,15),(31,15,31,14),(31,15,31,16),(31,16,31,15),(31,16,31,17),(31,16,31,18),(31,17,31,16),(31,18,31,16),(31,19,4,23),(31,19,31,1),(31,20,2,29),(31,20,31,13),(31,21,31,8),(32,1,12,24),(32,1,32,2),(32,1,32,4),(32,1,32,6),(32,2,32,1),(32,2,32,3),(32,3,32,2),(32,3,32,5),(32,3,32,16),(32,4,32,1),(32,4,32,5),(32,5,32,3),(32,5,32,4),(32,5,32,7),(32,5,32,21),(32,6,32,1),(32,6,32,7),(32,7,32,5),(32,7,32,6),(32,7,32,15),(32,8,14,6),(32,8,32,9),(32,8,32,10),(32,8,32,11),(32,8,50,4),(32,9,32,8),(32,9,32,13),(32,10,32,8),(32,10,32,14),(32,11,32,8),(32,11,32,12),(32,12,32,11),(32,12,32,14),(32,12,32,15),(32,13,32,9),(32,13,32,14),(32,13,32,16),(32,14,32,10),(32,14,32,12),(32,14,32,13),(32,15,32,7),(32,15,32,12),(32,15,32,18),(32,16,32,3),(32,16,32,13),(32,16,32,17),(32,17,32,16),(32,17,32,19),(32,18,32,15),(32,18,32,20),(32,19,32,17),(32,19,32,20),(32,19,35,17),(32,20,32,18),(32,20,32,19),(32,21,32,5),(33,1,16,9),(33,1,33,2),(33,2,33,1),(33,2,33,3),(33,2,33,17),(33,3,33,2),(33,3,33,4),(33,3,33,5),(33,3,33,19),(33,4,33,3),(33,4,33,6),(33,5,33,3),(33,5,33,7),(33,5,33,17),(33,6,33,4),(33,6,33,9),(33,7,33,5),(33,7,33,8),(33,8,33,7),(33,8,33,10),(33,8,33,11),(33,9,33,6),(33,9,33,10),(33,9,33,13),(33,10,33,8),(33,10,33,9),(33,10,33,19),(33,11,33,8),(33,11,33,12),(33,12,33,11),(33,12,33,13),(33,12,33,15),(33,12,33,18),(33,13,33,9),(33,13,33,12),(33,14,33,15),(33,14,33,16),(33,14,33,18),(33,15,33,12),(33,15,33,14),(33,15,33,22),(33,15,33,24),(33,16,2,30),(33,16,33,14),(33,17,33,2),(33,17,33,5),(33,18,33,12),(33,18,33,14),(33,19,33,3),(33,19,33,10),(33,19,33,20),(33,20,33,19),(33,20,33,21),(33,21,33,20),(33,21,35,11),(33,22,33,11),(33,24,33,15),(33,25,33,1),(34,1,11,9),(34,1,34,2),(34,1,34,3),(34,1,34,5),(34,2,34,1),(34,2,34,4),(34,2,34,5),(34,2,34,15),(34,3,34,1),(34,3,34,4),(34,3,34,5),(34,3,34,6),(34,4,34,2),(34,4,34,3),(34,4,34,5),(34,4,34,6),(34,4,34,7),(34,4,38,1),(34,5,34,1),(34,5,34,2),(34,5,34,3),(34,5,34,4),(34,6,34,3),(34,6,34,4),(34,6,34,7),(34,6,34,11),(34,7,34,4),(34,7,34,6),(34,7,34,8),(34,7,34,9),(34,8,34,7),(34,8,34,9),(34,9,34,7),(34,9,34,8),(34,9,34,10),(34,10,7,8),(34,10,34,9),(34,11,34,6),(34,11,34,12),(34,12,34,11),(34,12,34,13),(34,12,34,16),(34,13,34,14),(34,14,34,13),(34,14,34,15),(34,15,34,2),(34,15,34,14),(34,16,34,12),(34,16,43,9),(35,1,35,2),(35,1,35,3),(35,1,35,11),(35,2,35,1),(35,2,35,6),(35,2,35,9),(35,2,35,16),(35,3,35,1),(35,3,35,5),(35,3,35,17),(35,4,35,5),(35,4,35,6),(35,4,35,7),(35,4,35,16),(35,5,35,3),(35,5,35,4),(35,5,35,16),(35,6,35,2),(35,6,35,4),(35,7,35,4),(35,7,35,8),(35,7,35,12),(35,7,35,15),(35,8,35,7),(35,8,35,9),(35,9,35,8),(35,9,35,10),(35,9,35,15),(35,10,35,9),(35,10,35,18),(35,11,27,16),(35,11,33,21),(35,11,35,1),(35,12,35,7),(35,12,35,13),(35,12,35,18),(35,13,35,12),(35,13,35,14),(35,14,35,13),(35,15,35,7),(35,15,35,9),(35,15,35,16),(35,15,35,18),(35,16,35,9),(35,17,29,12),(35,17,32,19),(35,17,35,3),(35,18,35,10),(35,18,35,12),(35,18,35,15),(36,1,31,7),(36,1,36,2),(36,1,37,10),(36,2,36,1),(36,2,36,3),(36,2,36,4),(36,3,36,2),(36,3,36,7),(36,4,36,2),(36,4,36,5),(36,4,36,6),(36,4,36,8),(36,5,36,4),(36,5,36,6),(36,5,36,8),(36,5,36,9),(36,5,36,16),(36,6,36,11),(36,7,36,3),(36,7,36,6),(36,7,36,8),(36,7,36,13),(36,7,36,18),(36,8,36,10),(36,9,36,5),(36,9,36,10),(36,9,36,14),(36,9,36,15),(36,10,36,9),(36,10,36,10),(36,10,36,11),(36,10,36,12),(36,11,36,6),(36,11,36,8),(36,11,36,10),(36,11,36,11),(36,11,36,12),(36,12,36,10),(36,12,36,11),(36,12,36,12),(36,12,36,18),(36,13,36,7),(36,13,36,16),(36,14,36,9),(36,14,36,10),(36,14,36,11),(36,14,36,18),(36,15,36,6),(36,15,36,8),(36,15,36,9),(36,15,36,11),(36,15,36,12),(36,15,36,14),(36,15,36,18),(36,16,36,5),(36,16,36,13),(36,16,36,17),(36,17,30,15),(36,17,36,16),(36,17,38,1),(36,18,36,6),(36,18,36,7),(36,18,36,8),(36,18,36,12),(36,18,36,14),(36,18,36,15),(37,1,28,1),(37,1,37,2),(37,2,37,1),(37,2,37,3),(37,3,37,2),(37,3,37,4),(37,4,37,3),(37,5,28,8),(37,5,37,6),(37,6,37,5),(37,6,37,7),(37,7,5,25),(37,7,37,6),(37,8,28,11),(37,8,37,8),(37,8,37,10),(37,9,28,11),(37,9,37,9),(37,9,37,10),(37,10,36,1),(37,10,37,8),(37,10,37,9),(38,1,34,4),(38,1,36,17),(38,1,38,2),(38,1,38,3),(38,1,38,4),(38,2,38,1),(38,2,38,3),(38,2,38,6),(38,3,38,1),(38,3,38,2),(38,3,38,4),(38,3,38,7),(38,4,38,1),(38,4,38,3),(38,4,38,5),(38,5,38,4),(38,5,38,6),(38,6,38,2),(38,6,38,5),(38,7,38,1),(39,1,39,28),(39,2,20,2),(39,2,39,3),(39,3,39,2),(39,3,39,4),(39,3,39,5),(39,3,39,6),(39,3,39,19),(39,4,39,3),(39,4,39,10),(39,5,39,3),(39,5,39,12),(39,6,39,3),(39,6,39,7),(39,6,39,8),(39,7,39,6),(39,7,39,9),(39,8,39,6),(39,8,39,14),(39,9,39,7),(39,10,39,4),(39,10,39,11),(39,10,39,31),(39,11,39,10),(39,11,43,9),(39,12,39,5),(39,12,39,13),(39,13,39,12),(39,14,39,8),(39,14,39,15),(39,15,39,14),(39,15,39,16),(39,16,39,15),(39,16,39,17),(39,16,39,18),(39,17,39,16),(39,17,39,26),(39,18,39,9),(39,19,39,3),(39,19,39,20),(39,19,39,21),(39,19,39,24),(39,20,39,19),(39,20,39,21),(39,20,39,25),(39,20,39,29),(39,21,39,19),(39,21,39,20),(39,21,39,22),(39,21,39,23),(39,22,39,21),(39,23,39,21),(39,24,39,19),(39,25,39,20),(39,25,39,26),(39,25,39,27),(39,25,39,30),(39,25,41,1),(39,26,39,17),(39,26,39,25),(39,27,39,25),(39,27,39,28),(39,28,39,1),(39,28,39,27),(39,29,20,10),(39,29,39,20),(39,30,39,20),(39,30,39,25),(39,30,42,2),(39,31,39,10),(40,1,17,21),(40,1,18,8),(40,1,21,10),(40,1,22,10),(40,1,23,12),(40,1,24,8),(40,1,25,10),(40,1,26,8),(41,1,20,6),(41,1,20,14),(41,1,39,25),(41,1,41,2),(41,1,41,5),(41,1,41,8),(41,1,41,11),(41,1,41,14),(41,1,41,17),(41,1,41,21),(41,1,41,24),(41,1,41,26),(41,1,47,1),(41,2,41,1),(41,2,41,3),(41,2,41,4),(41,3,41,2),(41,4,41,2),(41,5,41,1),(41,5,41,6),(41,5,41,7),(41,6,41,5),(41,7,41,5),(41,8,41,1),(41,8,41,9),(41,8,41,10),(41,9,41,8),(41,10,41,8),(41,11,41,1),(41,11,41,12),(41,11,41,13),(41,12,41,11),(41,13,41,11),(41,14,41,1),(41,14,41,15),(41,14,41,16),(41,15,41,14),(41,16,41,14),(41,17,41,1),(41,17,41,18),(41,17,41,19),(41,18,41,17),(41,19,41,17),(41,20,41,21),(41,21,41,1),(41,21,41,20),(41,21,41,22),(41,22,41,21),(41,23,41,24),(41,24,41,1),(41,24,41,23),(41,24,41,25),(41,25,41,24),(41,26,41,1),(41,26,41,27),(41,26,41,28),(41,26,41,29),(41,27,41,26),(41,28,41,26),(41,29,41,26),(42,1,35,17),(42,1,36,17),(42,1,42,13),(42,2,39,30),(42,2,42,3),(42,2,42,4),(42,2,42,20),(42,3,42,2),(42,3,42,5),(42,3,42,17),(42,3,42,20),(42,4,42,2),(42,4,42,5),(42,4,42,19),(42,5,42,4),(42,5,42,5),(42,5,42,6),(42,6,42,5),(42,6,42,6),(42,6,42,7),(42,7,42,5),(42,7,42,6),(42,7,42,7),(42,7,42,8),(42,8,42,4),(42,8,42,5),(42,8,42,6),(42,8,42,7),(42,8,42,9),(42,9,42,8),(42,9,42,10),(42,9,42,11),(42,10,42,9),(42,10,42,13),(42,11,42,9),(42,11,42,12),(42,12,42,11),(42,12,42,14),(42,13,42,1),(42,13,42,10),(42,14,42,4),(42,14,42,6),(42,14,42,7),(42,14,42,12),(42,14,42,15),(42,14,42,18),(42,15,42,14),(42,15,42,15),(42,15,42,16),(42,15,42,17),(42,16,42,15),(42,16,42,16),(42,17,42,3),(42,17,42,14),(42,18,42,14),(42,19,42,4),(42,20,42,2),(43,1,43,3),(43,1,43,6),(43,1,43,9),(43,1,43,11),(43,2,43,3),(43,3,43,1),(43,3,43,2),(43,4,43,1),(43,4,43,5),(43,5,43,11),(43,6,42,1),(43,6,43,1),(43,6,43,6),(43,6,43,10),(43,9,34,12),(43,9,43,1),(43,10,43,6),(43,11,43,1),(43,11,43,5),(44,1,44,2),(44,2,44,1),(44,2,44,3),(44,3,3,12),(44,3,15,7),(44,3,30,3),(44,3,32,3),(44,3,33,4),(44,3,34,3),(44,3,44,2),(44,3,48,10),(45,1,45,2),(45,1,45,4),(45,2,45,1),(45,2,45,3),(45,3,45,2),(45,3,45,5),(45,3,45,17),(45,4,45,1),(45,5,45,3),(45,5,45,6),(45,5,45,9),(45,6,45,5),(45,6,45,7),(45,7,45,6),(45,7,45,8),(45,8,45,7),(45,9,45,5),(45,9,45,10),(45,9,45,13),(45,10,45,9),(45,10,45,11),(45,11,45,10),(45,11,45,12),(45,12,45,11),(45,13,45,9),(45,13,45,14),(45,13,45,17),(45,14,45,13),(45,14,45,15),(45,15,45,14),(45,15,45,16),(45,16,45,15),(45,17,45,3),(45,17,45,13),(45,17,45,18),(45,17,45,21),(45,18,45,17),(45,18,45,19),(45,19,45,18),(45,19,45,20),(45,20,45,19),(45,21,20,1),(45,21,20,3),(45,21,20,5),(45,21,20,7),(45,21,20,9),(45,21,20,11),(45,21,20,13),(45,21,20,15),(45,21,45,5),(45,21,45,17),(45,21,45,21),(46,1,12,21),(46,1,46,2),(46,2,46,1),(46,2,46,3),(46,2,46,7),(46,2,46,17),(46,3,46,2),(46,3,46,4),(46,3,46,15),(46,4,46,3),(46,4,46,5),(46,4,46,14),(46,4,46,17),(46,5,46,4),(46,5,46,6),(46,5,46,16),(46,6,46,5),(46,6,46,9),(46,6,46,10),(46,6,46,17),(46,7,46,2),(46,7,46,8),(46,7,46,12),(46,7,46,20),(46,8,46,7),(46,8,46,9),(46,8,46,11),(46,8,46,17),(46,9,46,6),(46,9,46,8),(46,9,46,13),(46,10,10,11),(46,10,46,6),(46,11,46,8),(46,11,46,12),(46,11,46,13),(46,11,46,19),(46,12,35,17),(46,12,46,7),(46,12,46,11),(46,13,46,9),(46,13,46,11),(46,14,46,4),(46,14,46,15),(46,15,46,3),(46,15,46,14),(46,15,46,18),(46,16,46,5),(46,16,46,18),(46,17,20,2),(46,17,20,6),(46,17,20,10),(46,17,20,14),(46,18,46,15),(46,18,46,16),(46,19,46,11),(46,20,46,7),(46,21,46,3),(47,1,41,1),(47,1,47,2),(47,1,47,3),(47,1,47,4),(47,2,47,1),(47,2,47,13),(47,3,47,1),(47,4,47,1),(47,4,47,5),(47,4,47,6),(47,4,47,7),(47,4,47,8),(47,5,47,4),(47,5,47,9),(47,6,47,4),(47,6,47,10),(47,7,47,4),(47,7,47,7),(47,7,47,11),(47,8,47,4),(47,8,47,12),(47,9,47,5),(47,10,47,6),(47,11,47,7),(47,12,47,8),(47,13,47,2),(47,13,47,14),(47,13,47,15),(47,13,49,2),(47,14,47,13),(47,14,47,15),(47,15,47,13),(47,15,47,14),(48,1,5,29),(48,1,26,28),(48,1,48,2),(48,2,39,13),(48,2,48,1),(48,2,48,2),(48,2,48,3),(48,2,48,12),(48,3,48,2),(48,3,48,4),(48,3,48,7),(48,3,48,8),(48,4,48,3),(48,4,48,5),(48,5,48,4),(48,5,48,5),(48,5,48,6),(48,6,48,5),(48,7,48,3),(48,7,48,10),(48,8,48,3),(48,8,48,11),(48,9,48,11),(48,9,48,12),(48,10,44,3),(48,10,48,7),(48,10,48,10),(48,11,48,8),(48,11,48,9),(48,12,20,6),(48,12,42,3),(48,12,48,2),(48,12,48,9),(48,12,48,10),(48,12,48,12),(49,1,20,19),(49,2,47,13),(49,2,49,1),(49,2,49,3),(49,2,49,4),(49,3,49,2),(49,4,49,2),(50,1,50,2),(50,1,50,3),(50,1,50,5),(50,2,50,1),(50,2,50,4),(50,3,50,1),(50,4,32,8),(50,4,50,2),(50,5,50,1),(50,5,50,6),(50,5,50,9),(50,6,50,5),(51,1,51,2),(51,1,51,8),(51,1,51,9),(51,2,51,1),(51,2,51,3),(51,2,51,4),(51,2,51,5),(51,2,51,6),(51,2,51,7),(51,3,51,2),(51,4,51,2),(51,5,51,2),(51,6,51,2),(51,7,51,2),(51,8,51,1),(51,8,51,10),(51,9,51,1),(51,10,51,8);
/*!40000 ALTER TABLE `adj_room` ENABLE KEYS */;
UNLOCK TABLES;

--
-- Table structure for table `debug_err`
--

DROP TABLE IF EXISTS `debug_err`;
/*!40101 SET @saved_cs_client     = @@character_set_client */;
/*!40101 SET character_set_client = utf8 */;
CREATE TABLE `debug_err` (
  `creation_time` date NOT NULL,
  `err_code` int(11) DEFAULT NULL,
  `err_text` varchar(200) DEFAULT NULL
) ENGINE=MyISAM DEFAULT CHARSET=latin1;
/*!40101 SET character_set_client = @saved_cs_client */;

--
-- Dumping data for table `debug_err`
--

LOCK TABLES `debug_err` WRITE;
/*!40000 ALTER TABLE `debug_err` DISABLE KEYS */;
/*!40000 ALTER TABLE `debug_err` ENABLE KEYS */;
UNLOCK TABLES;

--
-- Table structure for table `gen_type`
--

DROP TABLE IF EXISTS `gen_type`;
/*!40101 SET @saved_cs_client     = @@character_set_client */;
/*!40101 SET character_set_client = utf8 */;
CREATE TABLE `gen_type` (
  `gen_type_id` int(10) unsigned NOT NULL,
  `description` int(10) unsigned NOT NULL,
  `name` varchar(39) NOT NULL,
  KEY `lookup_by_id` (`gen_type_id`)
) ENGINE=MyISAM DEFAULT CHARSET=latin1;
/*!40101 SET character_set_client = @saved_cs_client */;

--
-- Dumping data for table `gen_type`
--

LOCK TABLES `gen_type` WRITE;
/*!40000 ALTER TABLE `gen_type` DISABLE KEYS */;
/*!40000 ALTER TABLE `gen_type` ENABLE KEYS */;
UNLOCK TABLES;

--
-- Table structure for table `item_gen`
--

DROP TABLE IF EXISTS `item_gen`;
/*!40101 SET @saved_cs_client     = @@character_set_client */;
/*!40101 SET character_set_client = utf8 */;
CREATE TABLE `item_gen` (
  `level_id` int(10) unsigned NOT NULL,
  `room_id` int(10) unsigned NOT NULL,
  `delay_base` int(10) unsigned NOT NULL,
  `delay_var` int(10) unsigned DEFAULT '0',
  `live_base` int(10) unsigned NOT NULL,
  `live_var` int(10) unsigned DEFAULT '0',
  `x` int(11) NOT NULL,
  `y` int(11) NOT NULL,
  `z` int(11) NOT NULL,
  `angle` int(10) unsigned NOT NULL,
  `gen_type_id` int(10) unsigned NOT NULL,
  KEY `lookup_by_id` (`level_id`,`room_id`,`x`,`y`)
) ENGINE=MyISAM DEFAULT CHARSET=latin1;
/*!40101 SET character_set_client = @saved_cs_client */;

--
-- Dumping data for table `item_gen`
--

LOCK TABLES `item_gen` WRITE;
/*!40000 ALTER TABLE `item_gen` DISABLE KEYS */;
INSERT INTO `item_gen` VALUES (2,30,120,30,60,30,17424,-3648,0,0,1),(2,29,120,30,60,30,25788,-3847,0,0,1),(2,28,120,30,60,30,21895,-3021,0,0,1),(2,26,180,60,60,30,1315,-3199,0,0,2),(2,25,120,30,60,30,327,-6719,0,0,1),(2,22,120,30,60,30,13571,-6702,0,0,1),(2,21,120,30,60,30,11926,-3413,0,0,1),(2,19,120,30,60,30,8832,6897,0,0,1),(2,17,180,60,60,30,17798,1256,0,0,2),(2,15,120,30,60,30,13669,6913,0,0,1),(2,14,120,30,60,30,18999,6025,0,0,1),(2,10,120,30,60,30,8602,3986,0,0,1),(2,9,120,30,60,30,9309,2572,0,0,1),(2,1,120,30,60,30,-5086,-3441,0,0,1),(4,25,180,60,60,30,30370,-14607,0,0,2),(4,23,120,30,60,30,23721,-13204,0,0,1),(4,20,120,30,60,30,21472,-11424,0,0,1),(4,19,120,30,60,30,17408,-11360,0,0,1),(4,18,120,30,60,30,19680,-8640,0,0,1),(4,16,180,60,60,30,-3517,-19389,0,0,2),(4,15,120,30,60,30,-3517,-17031,0,0,1),(4,14,120,30,60,30,-4544,-14656,0,0,1),(4,13,120,30,60,30,-4384,-11744,0,0,1),(4,12,120,30,60,30,-4448,-9216,0,0,1),(4,12,120,30,60,30,-4512,-8512,0,0,1),(5,30,120,30,60,30,-8989,-250,0,0,1),(5,27,180,60,60,30,-6452,-14052,0,0,2),(5,25,180,60,60,30,-5184,-11525,0,0,2),(5,22,180,60,60,30,5394,-8152,0,0,2),(5,19,120,30,60,30,-2179,-7232,0,0,1),(5,18,120,30,60,30,-5613,-7750,0,0,1),(5,16,120,30,60,30,-6145,-1788,0,0,1),(5,14,120,30,60,30,-1302,-1457,0,0,1),(5,11,120,30,60,30,6558,-4834,0,0,1),(5,10,120,30,60,30,6989,-1472,0,0,1),(5,4,120,30,60,30,6457,4059,0,0,1),(6,25,120,30,60,30,18468,6185,0,0,1),(6,24,120,30,60,30,16738,5446,0,0,1),(6,22,180,60,60,30,12902,6380,0,0,2),(6,18,120,30,60,30,19505,-1244,0,0,1),(6,16,180,60,60,30,16913,-1062,0,0,2),(6,14,120,30,60,30,14126,-1244,0,0,1),(7,8,120,30,60,30,10457,8732,0,0,1),(8,19,180,60,60,30,-4003,951,0,0,2),(8,18,180,60,60,30,28065,-3233,0,0,2),(8,17,180,60,60,30,28637,-7066,0,0,2),(8,15,120,30,60,30,21514,-3828,0,0,1),(9,19,120,30,60,30,17541,3190,0,0,1),(9,17,120,30,60,30,17722,-9356,0,0,1),(9,15,240,60,30,30,10005,-15198,0,0,3),(9,14,180,60,60,30,6249,-16262,0,0,2),(9,13,180,60,60,30,2656,-13684,0,0,2),(9,11,120,30,60,30,1931,-9688,0,0,1),(9,9,120,30,60,30,8724,-3502,0,0,1),(9,3,120,30,60,30,-4651,-3019,0,0,1),(9,1,120,30,60,30,90,-305,0,0,1),(10,3,180,60,60,30,4537,12593,0,0,2),(10,2,120,30,60,30,2178,6910,0,0,1),(11,17,120,30,60,30,-12224,-4208,0,0,1),(11,9,180,60,60,30,4324,-12216,0,0,2),(11,8,120,30,60,30,7646,-8937,0,0,1),(11,6,120,30,60,30,-5835,1876,0,0,1),(11,5,120,30,60,30,-147,-9131,0,0,1),(11,2,120,30,60,30,6103,37,0,0,1),(12,24,180,60,60,30,2288,-6096,0,0,2),(12,22,180,60,60,30,4576,-9904,0,0,2),(12,21,120,30,60,30,7456,-9520,0,0,1),(12,20,120,30,60,30,9920,-7072,0,0,1),(12,16,120,30,60,30,3440,16992,0,0,1),(12,4,180,60,60,30,9856,-4224,0,0,2),(15,21,180,60,60,30,15292,-4658,0,0,2),(15,16,120,30,60,30,5730,-9899,0,0,1),(15,15,180,60,60,30,5730,-13355,0,0,2),(15,12,180,60,60,30,-1187,-8528,0,0,2),(15,11,120,30,60,30,28,-5099,0,0,1),(15,7,180,60,60,30,667,5986,0,0,2),(15,6,120,30,60,30,3532,4634,0,0,1),(16,9,120,30,60,30,5931,3016,0,0,1),(19,19,180,60,60,30,5492,-14089,0,0,2),(19,18,180,60,60,30,10470,-16659,0,0,2),(19,5,120,30,60,30,10805,-3727,0,0,1),(20,15,90,30,60,30,7267,82,0,0,5),(20,13,90,30,60,30,12605,-725,0,0,5),(20,11,90,30,60,30,13036,-6065,0,0,5),(20,9,90,30,60,30,12370,-11404,0,0,5),(20,7,90,30,60,30,7161,-12111,0,0,5),(20,5,90,30,60,30,1874,-11247,0,0,5),(20,3,90,30,60,30,1051,-5947,0,0,5),(20,1,90,30,60,30,1795,-608,0,0,5),(27,19,180,60,60,30,-3915,10655,0,0,2),(27,18,240,120,30,15,-696,9559,0,0,4),(27,13,180,60,60,30,920,6083,0,0,2),(27,12,180,60,60,30,-4277,5261,0,0,2),(27,9,240,120,30,15,-10148,-1564,0,0,4),(27,4,180,60,60,30,2694,2515,0,0,2),(27,2,240,60,30,30,4788,-1447,0,0,3),(28,9,240,120,30,15,-2013,-1019,0,0,4),(28,6,240,60,30,30,1161,3869,0,0,3),(28,5,240,120,30,15,1728,-1504,0,0,4),(28,4,240,60,30,30,7152,-1776,0,0,3),(29,20,240,60,30,30,-3285,10213,0,0,3),(29,20,180,60,60,30,-1222,10171,0,0,2),(29,19,240,60,30,30,7661,14711,0,0,3),(29,18,240,60,30,30,1936,-10807,0,0,3),(29,11,240,60,30,30,6525,10801,0,0,3),(29,14,180,60,60,30,7451,-6099,0,0,2),(30,15,240,120,30,15,19123,-14002,0,0,4),(30,14,180,60,60,30,15519,-15252,0,0,2),(30,13,180,60,60,30,10905,-13695,0,0,2),(30,13,120,30,60,30,10619,-14666,0,0,1),(30,11,180,60,60,30,4766,-14482,0,0,2),(30,10,240,120,30,15,-9430,-2807,0,0,4),(30,8,180,60,60,30,-10389,-9160,0,0,2),(30,6,180,60,60,30,-3540,-15549,0,0,2),(30,3,180,60,60,30,5793,-7445,0,0,2),(30,1,180,60,60,30,6176,2500,0,0,2),(31,16,120,30,60,30,2531,5024,0,0,1),(31,13,240,60,30,30,7784,-3068,0,0,3),(31,11,180,60,60,30,3212,-3554,0,0,2),(31,9,240,60,30,30,702,-3340,0,0,3),(31,6,240,60,30,30,-10699,-3385,0,0,3),(31,5,240,120,30,15,-16851,-4901,0,0,4),(31,3,240,120,30,15,-14457,-1909,0,0,4),(31,2,240,60,30,30,-9530,-1690,0,0,3),(32,18,240,120,30,15,-3609,2059,0,0,4),(32,17,240,120,30,15,-3903,-3424,0,0,4),(32,15,180,60,60,30,-4319,9260,0,0,2),(32,13,180,60,60,30,-9932,-6743,0,0,2),(32,12,180,60,60,30,-9827,6637,0,0,2),(32,10,240,60,30,30,-13608,294,0,0,3),(32,7,180,60,60,30,4983,4223,0,0,2),(32,4,180,60,60,30,4118,-788,0,0,2),(32,3,240,60,30,30,3597,-6007,0,0,3),(33,23,120,30,60,30,5568,4992,0,0,1),(33,20,240,120,30,15,9463,10765,0,0,4),(33,19,240,60,30,30,3218,10380,0,0,3),(33,14,120,30,60,30,5968,22804,0,0,1),(33,12,120,30,60,30,2208,19334,0,0,1),(33,11,180,60,60,30,-1128,17471,0,0,2),(33,10,180,60,60,30,2284,13679,0,0,2),(33,7,240,60,30,30,-796,11238,0,0,3),(33,3,180,60,60,30,2592,7754,0,0,2),(33,2,180,60,60,30,2853,4815,0,0,2),(34,15,240,60,30,30,11254,-25112,0,0,3),(34,11,240,60,30,30,11544,-15243,0,0,3),(34,10,180,60,60,30,-11396,-22858,0,0,2),(34,6,180,60,60,30,7181,-14705,0,0,2),(34,4,180,60,60,30,72,-12379,0,0,2),(34,1,180,60,60,30,1964,127,0,0,2),(35,14,240,120,30,15,23394,9528,0,0,4),(35,14,240,120,30,15,23394,6666,0,0,4),(35,5,240,120,30,15,3740,-1762,0,0,4),(35,4,240,60,30,30,6347,-1088,0,0,3),(35,2,240,120,30,15,8634,1824,0,0,4),(36,17,180,60,60,30,-10009,10247,0,0,2),(36,15,240,60,30,30,-3526,4658,0,0,3),(36,14,240,120,30,15,-4885,2533,0,0,4),(36,7,240,60,30,30,13739,-4648,0,0,3),(36,5,240,60,30,30,13918,2178,0,0,3),(36,4,240,120,30,15,11079,470,0,0,4),(36,1,180,60,60,30,-628,386,0,0,2),(37,10,240,120,30,15,-349,-9403,0,0,4),(37,6,240,60,30,30,-3355,-2216,0,0,3),(37,2,240,120,30,15,966,-1590,0,0,4),(38,6,180,60,60,30,11846,-3497,0,0,2),(38,5,180,60,60,30,11532,1171,0,0,2),(38,3,240,60,30,30,4717,-1611,0,0,3),(38,2,240,120,30,15,-1792,0,0,0,4),(39,26,120,30,60,30,-3840,-2736,0,0,1),(39,28,120,30,60,30,6266,82,0,0,1),(39,18,120,30,60,30,-11248,1504,0,0,1),(39,17,120,30,60,30,-7637,2169,0,0,1),(39,13,120,30,60,30,4537,3610,0,0,1),(39,7,120,30,60,30,-1673,12199,0,0,1),(39,6,120,30,60,30,-1248,8608,0,0,1),(39,1,120,30,60,30,6677,-2746,0,0,1),(39,1,120,30,60,30,7364,-2733,0,0,1),(42,20,240,60,30,30,4622,1455,0,0,3),(42,19,240,60,30,30,-2571,-564,0,0,3),(42,9,120,30,60,30,-2508,-5959,0,0,1),(42,8,240,60,30,30,-3040,-4160,0,0,3),(42,7,180,60,60,30,-6276,-2707,0,0,2),(42,6,180,60,60,30,-6020,-286,0,0,2),(42,1,120,30,60,30,768,-4096,0,0,1),(43,8,120,30,60,30,-7839,12457,0,0,1),(43,7,120,30,60,30,7372,-5477,0,0,1),(43,6,120,30,60,30,2051,-5662,0,0,1),(43,2,90,30,60,30,-8611,-4946,0,0,5),(45,18,240,120,30,15,6032,5152,0,0,4),(45,15,240,120,30,15,13233,2030,0,0,4),(45,11,90,30,60,30,11169,-6096,0,0,5),(45,7,90,30,60,30,7429,-4897,0,0,5),(45,6,120,30,60,30,2374,-4491,0,0,1),(45,3,120,30,60,30,3424,2016,0,0,1);
/*!40000 ALTER TABLE `item_gen` ENABLE KEYS */;
UNLOCK TABLES;

--
-- Table structure for table `levl`
--

DROP TABLE IF EXISTS `levl`;
/*!40101 SET @saved_cs_client     = @@character_set_client */;
/*!40101 SET character_set_client = utf8 */;
CREATE TABLE `levl` (
  `level_id` int(10) unsigned NOT NULL AUTO_INCREMENT,
  `name` varchar(128) NOT NULL,
  PRIMARY KEY (`level_id`),
  KEY `lookup_by_id` (`level_id`)
) ENGINE=MyISAM AUTO_INCREMENT=52 DEFAULT CHARSET=latin1;
/*!40101 SET character_set_client = @saved_cs_client */;

--
-- Dumping data for table `levl`
--

LOCK TABLES `levl` WRITE;
/*!40000 ALTER TABLE `levl` DISABLE KEYS */;
INSERT INTO `levl` VALUES (1,'Threshold - Outside The City Of Dreams'),(2,'Lower Basin Of Stars'),(3,'Upper Basin Of Stars'),(4,'Mt. Illapse'),(5,'Edgeward Barrows'),(6,'Lower Lambent Flats'),(7,'Higher Lambent Flats'),(8,'Trinity Plains'),(9,'Trinity Rise'),(10,'Trinity Walk'),(11,'Trinity Fields'),(12,'Evernight Plateau'),(13,'West Valley Of Totality'),(14,'East Valley Of Totality'),(15,'Lower Umbric Plains'),(16,'Upper Umbric Plains'),(17,'House Calenture'),(18,'Order Of Light'),(19,'Middle Basin Of Stars'),(20,'Threshold, Gateway to the Dream City'),(21,'Peace Corpse'),(22,'Alliance Of The Eclipse'),(23,'Gathering Of The Entranced'),(24,'Keepers Of Eternal Shadow'),(25,'Order of the Sable Moon'),(26,'Union Of The Covenant'),(27,'Albino Caves'),(28,'Cairn Of Sorrow'),(29,'Cenotaph of Dread'),(30,'Chasm of Souls'),(31,'Gloom Peaks'),(32,'Harrow Glades'),(33,'Lost Caves'),(34,'Ossuary of Dread'),(35,'Caudal Rift'),(36,'Dorsal Rift'),(37,'Lower Cairn Of Sorrow'),(38,'Lower Ossuary Of Dread'),(39,'Threshold Pits'),(40,'Chimeric Plane'),(41,'Library of Dreams'),(42,'Threshold Caves'),(43,'The Unknown'),(44,'Dark Awakening'),(45,'The Citadel'),(46,'Dreamer_s Cup Arena'),(47,'The Teaching Guild'),(48,'Palisade'),(49,'The Inchoate Realm'),(51,'Lightless Hollow'),(50,'The Conclave');
/*!40000 ALTER TABLE `levl` ENABLE KEYS */;
UNLOCK TABLES;

--
-- Table structure for table `room`
--

DROP TABLE IF EXISTS `room`;
/*!40101 SET @saved_cs_client     = @@character_set_client */;
/*!40101 SET character_set_client = utf8 */;
CREATE TABLE `room` (
  `level_id` int(10) unsigned NOT NULL,
  `room_id` int(10) unsigned NOT NULL,
  `name` varchar(64) NOT NULL,
  `start_point` char(1) NOT NULL,
  `max_players` int(10) unsigned DEFAULT '64',
  `no_reap` char(1) NOT NULL,
  KEY `lookup_by_id` (`level_id`,`room_id`)
) ENGINE=MyISAM DEFAULT CHARSET=latin1;
/*!40101 SET character_set_client = @saved_cs_client */;

--
-- Dumping data for table `room`
--

LOCK TABLES `room` WRITE;
/*!40000 ALTER TABLE `room` DISABLE KEYS */;
INSERT INTO `room` VALUES (1,4,'The Armory','0',100,'0'),(2,17,'Hidden Falls','0',100,'0'),(3,17,'Neutral Home','0',100,'0'),(3,18,'South Chamber','0',100,'0'),(4,17,'Camp of Kings','0',100,'0'),(5,18,'Lake Of Tears South West','0',100,'0'),(5,17,'The Barrows','0',100,'0'),(6,18,'Turgin_s Point','0',100,'0'),(7,6,'The Graydus Oasis','0',100,'0'),(9,11,'The Damp Passage','0',100,'0'),(10,12,'Steep Passage','0',100,'0'),(11,10,'Sanctuary Entrance','0',100,'0'),(12,18,'Upper Twisting Road','0',100,'0'),(13,12,'Chamber of Adrenilith','0',100,'0'),(14,8,'The Radiant Gateway','0',100,'0'),(15,13,'The Reservoir','0',100,'0'),(17,19,'Forward Vault','0',100,'1'),(17,18,'The Teaching Hall','0',100,'0'),(17,17,'Guardian Meeting Room','0',100,'0'),(19,23,'The Bridge Of Memories','0',100,'0'),(19,22,'WishBringer_s Ice Palace','1',100,'0'),(19,21,'Outer Sanctuary','0',100,'0'),(20,11,'Peace Corpse','1',100,'0'),(21,18,'Rulers Meeting Room','0',100,'0'),(22,18,'Vault','0',100,'1'),(23,20,'Central Vault','0',100,'1'),(23,19,'The Patrol Room','0',100,'0'),(24,17,'Maze','0',100,'0'),(25,18,'Vault','0',100,'1'),(26,17,'Guardians Meeting Room','0',100,'0'),(27,13,'Isolion_s Vista','0',100,'0'),(28,8,'West Passage','0',100,'0'),(29,12,'Lower West Street','0',100,'0'),(31,12,'The Opal Cliffs','0',100,'0'),(35,12,'The Steps Of Cavender','0',100,'0'),(36,10,'The Caverns','0',100,'0'),(36,11,'The Caverns','0',100,'0'),(37,8,'East Wing Entrance','0',100,'0'),(39,17,'Black Rock Bridge','0',100,'0'),(40,1,'Ring of Diplomacy','1',100,'0'),(41,17,'Sphere Six Hall','0',100,'1'),(42,12,'Stairs','0',100,'0'),(43,9,'Pathway','1',100,'0'),(46,12,'Lower West Street','0',100,'0'),(8,15,'Canyon Crossing','0',100,'0'),(18,18,'Vault','0',100,'1'),(20,12,'Corpse, Keepers Hall','0',100,'0'),(22,19,'Ruler_s South Entrance','0',100,'0'),(33,12,'Barok_s Cave','0',100,'0'),(39,18,'The Damp Grotto','0',100,'0'),(41,18,'Sphere Six Study','0',100,'1'),(5,16,'Earth Sanctuary Road','0',100,'0'),(6,17,'Turgin_s Respite','0',100,'0'),(7,5,'Onirader_s Waystop','1',100,'0'),(8,14,'Canyon Path','0',100,'0'),(11,9,'Ossuary Entrance','0',100,'0'),(14,7,'The Hall of Glory','0',100,'0'),(15,12,'Sepulcher','0',100,'0'),(17,16,'Ruler Meeting Room 2','0',100,'0'),(18,17,'Armory','0',100,'1'),(19,20,'Lower Basin Road','0',100,'0'),(20,10,'Calenture, Corpse Hall','0',100,'0'),(22,17,'Armory','0',100,'1'),(23,18,'Forward Armory','0',100,'1'),(24,16,'Maze','0',100,'0'),(25,17,'Armory','0',100,'1'),(29,11,'Lower South Street','0',100,'0'),(33,11,'Nerith_s Cavern','0',100,'0'),(34,9,'North Sanctuary Entrance','0',100,'0'),(35,11,'Southern Rift Gate','0',100,'0'),(37,7,'Edgeward Barrows Exit','1',100,'0'),(41,16,'Sphere Five Archives','0',100,'1'),(43,8,'Unknown','0',100,'1'),(46,11,'Lower South Street','0',100,'0'),(2,18,'East Field','0',100,'0'),(4,18,'The Small Dungeon Entrance','0',100,'0'),(5,19,'Lake Of Tears','0',100,'0'),(6,19,'Ibioc_s Path','0',100,'0'),(8,16,'Canyon Road','0',100,'0'),(10,13,'A Quiet Place','0',100,'0'),(12,19,'High Road','0',100,'0'),(13,13,'The Amphitheatre of the Sphere','0',100,'0'),(18,19,'Forward Vault','0',100,'1'),(24,18,'Armory','0',100,'1'),(25,19,'Watering Hole','0',100,'0'),(26,18,'The Teachers Hall','0',100,'0'),(28,9,'Northwest Passage','0',100,'0'),(29,13,'Lower East Street','0',100,'0'),(30,10,'The Rings Of Woe','0',100,'0'),(33,13,'Filmador_s Passing','0',100,'0'),(39,19,'The Maze','0',100,'0'),(41,19,'Sphere Six Archives','0',100,'1'),(46,13,'Lower East Street','0',100,'0'),(47,10,'Masters of Lucidity','0',100,'1'),(2,16,'Xun Dal J_han Vista','0',100,'0'),(3,16,'Neutral Home Entrance','0',100,'0'),(4,16,'Cave Of Pabard','0',100,'0'),(5,15,'Earth Sanctuary South West','0',100,'0'),(6,16,'Turgin_s Route','0',100,'0'),(7,4,'Cadilin_s Charm Hill','0',100,'0'),(8,13,'The Turning Way','0',100,'0'),(9,10,'The Tunnel Of Regret','0',100,'0'),(10,11,'Ellie_s Final Choice','0',100,'0'),(12,17,'Upper Lake Road','0',100,'0'),(13,11,'Study of Erennathnio','0',100,'0'),(16,5,'The Garrison','1',100,'0'),(17,15,'Forward Armory','0',100,'1'),(18,16,'Maze','0',100,'0'),(19,19,'Intrigue_s Rest','0',100,'0'),(20,9,'House Calenture','1',100,'0'),(21,17,'Guardians Meeting Room','0',100,'0'),(21,16,'Essence Room','0',100,'1'),(23,17,'The Teaching Hall','0',100,'0'),(24,15,'Maze','0',100,'0'),(25,16,'Maze Entrance','0',100,'0'),(26,16,'Central Vault','0',100,'1'),(27,12,'Cararan_s Ledge','0',100,'0'),(30,9,'The Outer Hall','0',100,'0'),(32,12,'Far Southwest Glade','0',100,'0'),(35,10,'Labyrinth','0',100,'0'),(37,6,'North Passage','0',100,'0'),(39,16,'The Bile Crypt','1',100,'0'),(41,15,'Sphere Five Study','0',100,'1'),(42,11,'Stairs','0',100,'0'),(43,7,'Workshop','0',100,'0'),(45,12,'Sanctum of Relminus the Blind','0',100,'0'),(45,11,'Shrine of Relminus the Blind','0',100,'0'),(48,8,'East Alley','0',100,'0'),(48,7,'West Alley','0',100,'0'),(1,5,'Sanctuary','1',100,'0'),(2,19,'West Field','0',100,'0'),(3,19,'West Chamber','0',100,'0'),(4,19,'Small Dungeon Left Wing','0',100,'0'),(5,20,'The Broken Steps','0',100,'0'),(5,21,'Lake Of Tears South East','0',100,'0'),(6,20,'Calilnid_s Path','0',100,'0'),(7,7,'Short Turn','0',100,'0'),(8,17,'Western Canyon','0',100,'0'),(9,12,'The Cave Of Mildew','0',100,'0'),(10,14,'The Eastern Hill Path','0',100,'0'),(11,11,'Peaceful Retreat','0',100,'0'),(12,20,'The Clandestine Path','0',100,'0'),(15,14,'The Reservoir Hall','0',100,'0'),(16,6,'Bellenter_s Betrayal','0',100,'0'),(17,20,'Guardian Entrance','0',100,'0'),(18,20,'Forward Armory','0',100,'1'),(18,21,'Rulers Meeting Room','0',100,'0'),(19,24,'Spider Rock','0',100,'0'),(19,25,'The Lower Basin River','0',100,'0'),(21,19,'West Meeting Room','0',100,'0'),(22,20,'Circle Of Rulers Lounge','0',100,'0'),(23,21,'Rulers Meeting Room','0',100,'0'),(24,19,'Vault','0',100,'1'),(25,20,'Initiates Meeting Room','0',100,'0'),(26,19,'Maze','0',100,'0'),(27,14,'The River Of Feyward','0',100,'0'),(29,14,'Cistern Of Torture','0',100,'0'),(30,11,'The Fiery Path','0',100,'0'),(31,13,'The Glittering Heights','0',100,'0'),(32,13,'Far Northwest Glade','0',100,'0'),(33,14,'Starlight Cavern','0',100,'0'),(34,10,'Lambent Flats Exit','0',100,'0'),(36,12,'The Caverns','0',100,'0'),(38,4,'Vernio_s Chamber','0',100,'0'),(39,20,'The Maze','0',100,'0'),(39,21,'Master Hall','0',100,'0'),(41,20,'Sphere Seven Study','0',100,'1'),(46,14,'Cistern Of Torture','0',100,'0'),(48,9,'Catacombs','0',100,'0'),(1,3,'The Chamber of Arts','0',100,'0'),(2,15,'Forgetful Falls','0',100,'0'),(2,14,'Fantasy Falls','0',100,'0'),(3,15,'Secluded Sanctuary','1',100,'0'),(3,14,'Outside Sanctuary','0',100,'0'),(4,15,'Riach_s Hut','0',100,'0'),(4,14,'The Cavern Of Kadardos','0',100,'0'),(5,14,'Earth Sanctuary South East','0',100,'0'),(5,13,'Free Spirit Sanctuary','0',100,'0'),(6,15,'Turgin_s Rest','0',100,'0'),(6,14,'Turgin_s Turn','0',100,'0'),(8,12,'The Shaded Steps','0',100,'0'),(8,11,'The Switchback Steps','0',100,'0'),(9,9,'The Passage of Pathos','0',100,'0'),(10,10,'Ellie_s Last Decision','0',100,'0'),(11,8,'Ellie_s Entombment','0',100,'0'),(12,16,'Lake Road','0',100,'0'),(12,15,'Lower Lake Road','0',100,'0'),(12,14,'The Twisting Road','0',100,'0'),(13,10,'Hall of Acigot','0',100,'0'),(13,9,'Sanctuary','1',100,'0'),(14,6,'Gordizo_s Grand Entry','0',100,'0'),(15,11,'The Sweating Hall','0',100,'0'),(15,10,'Unber_s Grotto','0',100,'0'),(16,4,'Lichen Lodge','0',100,'0'),(17,14,'The Patrol Center','0',100,'0'),(17,13,'Initiate Meeting Room','0',100,'0'),(18,15,'Celebration Hall','0',100,'0'),(18,14,'Sanctuary','1',100,'0'),(18,13,'Ruler_s South Entrance','0',100,'0'),(19,18,'The East Lagoon','0',100,'0'),(19,17,'The Hidden Path','0',100,'0'),(19,16,'Upper Basin Road','0',100,'0'),(20,8,'Order, Calenture Hall','0',100,'0'),(21,15,'Celebration Hall','0',100,'0'),(21,14,'Circle Of Rulers Voting Hall','0',100,'0'),(22,16,'Sanctuary','1',100,'0'),(22,15,'The Teaching Hall','0',100,'0'),(22,14,'East Meeting Room','0',100,'0'),(22,13,'Central Vault','0',100,'1'),(23,16,'Circle Of Rulers Entrance','0',100,'0'),(23,15,'Circle Of Rulers Voting Hall','0',100,'0'),(23,14,'Circle Of Rulers Lounge','0',100,'0'),(24,14,'Maze','0',100,'1'),(24,13,'Circle Of Rulers Goal Room','0',100,'0'),(25,15,'Maze','0',100,'0'),(25,14,'Sand Cavern','0',100,'0'),(25,13,'Cave of Sands','0',100,'0'),(26,15,'Rulers Meeting Room','0',100,'0'),(26,14,'Essence Room','0',100,'1'),(27,11,'The Peaceful Grotto','0',100,'0'),(28,7,'South Passage','0',100,'0'),(29,10,'Trinity Rise Exit','0',100,'0'),(30,8,'The Deep Cavern','0',100,'0'),(31,11,'The Sapphire Steppes','0',100,'0'),(31,9,'Ruby Cliffs','0',100,'0'),(31,10,'The Ruby Steppes','0',100,'0'),(32,10,'West Glade','0',100,'0'),(32,11,'Honorable Stand','0',100,'0'),(33,10,'South Cave','0',100,'0'),(34,8,'North Sanctuary','0',100,'0'),(35,9,'Labyrinth','0',100,'0'),(35,8,'Labyrinth','0',100,'0'),(36,9,'East Rift Passage','0',100,'0'),(36,8,'Pit of Hopelessness','0',100,'0'),(37,5,'Far West Passage','0',100,'0'),(38,3,'The Alcoves Of Arranor','0',100,'0'),(39,15,'Lower Spiral Staircase','0',100,'0'),(39,14,'Upper Spiral Staircase','0',100,'0'),(41,14,'Sphere Five Hall','0',100,'1'),(41,13,'Sphere Four Archives','0',100,'1'),(42,10,'Stairs','0',100,'0'),(43,6,'Pathway','0',100,'0'),(45,10,'Approach of Relminus the Blind','0',100,'0'),(46,10,'Trinity Rise Exit','0',100,'0'),(47,9,'Masters of Resilience','0',100,'1'),(47,8,'Hall of Will','0',100,'1'),(47,7,'Hall of Insight','0',100,'1'),(1,6,'Underlight, City Of Dreams','1',100,'0'),(2,20,'Far East Field','0',100,'0'),(2,21,'North Field','0',100,'0'),(2,22,'Far West Field','0',100,'0'),(2,23,'Four Passage Field','0',100,'0'),(3,20,'North Chamber','0',100,'0'),(3,21,'The Commons Entrance','0',100,'0'),(3,22,'The Commons Hall','0',100,'0'),(4,20,'Small Dungeon Right Wing','0',100,'0'),(4,21,'Forgotten Pits','0',100,'0'),(4,22,'Solitude Pits','0',100,'0'),(5,22,'The Ring Of Passage','0',100,'0'),(5,23,'Lake Of Tears North East','0',100,'0'),(5,24,'Lake Of Tears North','0',100,'0'),(6,21,'Griecred_s Place','0',100,'0'),(6,22,'Zilat_s Rest','0',100,'0'),(6,23,'Karner_s Secret Cove','0',100,'0'),(7,8,'Mirrored Falls','0',100,'0'),(8,18,'Eastern Canyon','0',100,'0'),(8,19,'Jhavilic_s Peril','0',100,'0'),(8,20,'Path of Hope','0',100,'0'),(9,13,'The Rotting Cavern','0',100,'0'),(9,14,'The Cave Of Mold','0',100,'0'),(10,15,'The Western Hill Path','0',100,'0'),(11,12,'South Sanctuary','1',100,'0'),(12,21,'The Cliff','0',100,'0'),(12,22,'The U-Turn','0',100,'0'),(12,23,'Hidden Falls Exit','0',100,'0'),(12,24,'The Black Turn','0',100,'0'),(13,14,'Geicred_s Shining Road','0',100,'0'),(14,9,'West Sanctuary Passage','0',100,'0'),(15,15,'The North Sewer','0',100,'0'),(15,16,'The South Sewer','0',100,'0'),(17,21,'Guardian Missions','0',100,'0'),(17,22,'Guardian Lounge','0',100,'0'),(18,22,'Guardians Meeting Room','0',100,'0'),(18,23,'Not Used','0',100,'1'),(18,24,'West Meeting Room','0',100,'0'),(18,25,'Hall','0',100,'0'),(19,26,'The Middle Basin River','0',100,'0'),(19,27,'The Upper Basin River','0',100,'0'),(19,28,'The Horseshoe Staircase','0',100,'0'),(20,13,'Keepers of Eternal Shadow','1',100,'0'),(20,14,'Keepers, Gathering Hall','0',100,'0'),(20,15,'Gathering of the Entranced','0',100,'0'),(21,20,'East Meeting Room','0',100,'0'),(21,21,'The Patrol Room','0',100,'0'),(21,22,'Forward Meeting Room','0',100,'0'),(22,21,'Ruler_s North Entrance','0',100,'0'),(22,22,'Circle Of Rulers Goal Room','0',100,'0'),(22,23,'Power Room','0',100,'0'),(22,24,'Under Hall','0',100,'1'),(23,22,'Guardians Meeting Room','0',100,'0'),(23,23,'Maze','0',100,'0'),(23,24,'Maze','0',100,'0'),(24,20,'Forward Armory','0',100,'1'),(24,21,'Essence Room','0',100,'1'),(24,22,'Guardians Meeting Room','0',100,'0'),(24,23,'Celebration Hall','0',100,'0'),(25,21,'Guardians Meeting Room','0',100,'0'),(25,22,'Sabled Study','0',100,'1'),(25,23,'Rulers Meeting Room','0',100,'0'),(26,20,'Maze','0',100,'0'),(26,21,'Forward Armory','0',100,'1'),(26,22,'Maze','0',100,'0'),(27,15,'Small Cave','0',100,'0'),(27,16,'The Whirlpool','0',100,'0'),(28,10,'Southwest Passage','0',100,'0'),(29,15,'Upper West Way','0',100,'0'),(29,16,'East Upper Way','0',100,'0'),(30,12,'The Little Cave','0',100,'0'),(31,14,'The Fallen Steps','0',100,'0'),(31,15,'Blood Canyon','0',100,'0'),(32,14,'Far West Glade','0',100,'0'),(32,15,'South Gate Entrance','0',100,'0'),(33,15,'The Cavern Of Spirits','0',100,'0'),(33,16,'Basin Of Stars Exit','0',100,'0'),(34,11,'Derelict Chamber','0',100,'0'),(35,13,'The Creeping Stairs','0',100,'0'),(35,14,'Horron_s Lair','0',100,'0'),(36,13,'Northwest Containment Dungeon','0',100,'0'),(36,14,'Temple of Insanity','0',100,'0'),(37,9,'West Wing Entrance','0',100,'0'),(38,5,'The Grieving Hall','0',100,'0'),(39,22,'South Meeting Room','0',100,'0'),(39,23,'North Meeting Room','0',100,'0'),(39,24,'West Meeting Room','0',100,'0'),(41,21,'Sphere Seven Hall','0',100,'1'),(41,22,'Sphere Seven Archives','0',100,'1'),(41,23,'Sphere Eight Archives','0',100,'1'),(42,13,'Stairs','0',100,'0'),(42,14,'Broken Bridge','0',100,'0'),(43,10,'Tribunal Room','1',100,'0'),(44,2,'Sunken Rock','0',100,'0'),(45,13,'The South Shore','0',100,'0'),(45,14,'The Approach of Rek Nektu','0',100,'0'),(45,15,'The Shrine of Rek Nektu','0',100,'0'),(46,15,'Upper West Way','0',100,'0'),(46,16,'East Upper Way','0',100,'0'),(47,11,'Masters of Insight','0',100,'1'),(48,10,'The Nest','0',100,'0'),(49,3,'Aethimir_s Vault','0',100,'1'),(1,2,'The Hall of Voices','0',100,'0'),(2,13,'Field Of Foes','0',100,'0'),(2,12,'Field Of Friends','0',100,'0'),(2,11,'The Battled Field','0',100,'0'),(2,10,'The Conquered Field','0',100,'0'),(2,9,'The Private Walk','0',100,'0'),(3,13,'South Water Tunnel','0',100,'0'),(3,12,'Middle Water Tunnel','0',100,'0'),(3,11,'North Water Tunnel','0',100,'0'),(3,10,'Arch Of The Protectors','0',100,'0'),(4,13,'Ollicinid_s Cavern','0',100,'0'),(4,12,'Mirdinir_s Mishap','0',100,'0'),(4,11,'Wicare_s Trail','0',100,'0'),(4,10,'Ceann Trail','0',100,'0'),(4,9,'Gelishes Trail','0',100,'0'),(5,12,'Earth Sanctuary East','0',100,'0'),(5,11,'Road of Sorrow North','0',100,'0'),(5,10,'Road of Sorrow South','0',100,'0'),(6,13,'The Bridge Of Wishes','0',100,'0'),(6,12,'Gelaten_s Modest Rock','0',100,'0'),(6,11,'Kaorennor_s Rest','0',100,'0'),(6,10,'Prigonnor_s Route','0',100,'0'),(7,3,'Igteus_s Last Breath','0',100,'0'),(8,10,'The Twisted Path','0',100,'0'),(8,9,'Hall Of Gato','0',100,'1'),(8,8,'Hall Of Medio','0',100,'0'),(8,7,'Hall Of Bajo','0',100,'1'),(9,8,'The Crossway','0',100,'0'),(9,7,'The Passive Pond','0',100,'0'),(9,6,'The Upper Passive River','0',100,'0'),(10,9,'The Long Curve','0',100,'0'),(10,8,'Mazentius Hall','0',100,'0'),(10,7,'Sly_s Chamber','0',100,'0'),(11,7,'The Tomb Of El-Jinar','0',100,'0'),(11,6,'The Long Curve','0',100,'0'),(12,13,'The Great Bridge','0',100,'0'),(12,12,'The Bending Road','0',100,'0'),(12,11,'The Wall Of Rock','0',100,'0'),(13,8,'The Toothy Point','0',100,'0'),(14,5,'Canden_s East Cliff','0',100,'0'),(14,4,'Canden_s Western Cliff','0',100,'0'),(15,9,'The Sewer Halls','0',100,'0'),(15,8,'Lothordolric_s Cistern','0',100,'1'),(15,7,'Sunroof Cavern','0',100,'0'),(16,3,'Pebble Path Road','0',100,'0'),(17,12,'Ruler Meeting Room 1','0',100,'0'),(17,11,'Gathering Hall','0',100,'0'),(17,10,'Facade','0',100,'0'),(17,9,'Sanctuary','1',100,'0'),(18,12,'Circle Of Rulers Goal Room','0',100,'0'),(18,11,'Ruler_s North Entrance','0',100,'0'),(18,10,'Circle Of Rulers Lounge','0',100,'0'),(18,9,'Guardian Entrance','0',100,'0'),(19,15,'The Lazy Turn','0',100,'0'),(19,14,'Basin High Road','0',100,'0'),(19,13,'Basin Middle Road','0',100,'0'),(19,12,'Basin Lower Road','0',100,'0'),(20,7,'Order of the Sable Moon','1',100,'0'),(21,13,'Circle Of Rulers Lounge','0',100,'0'),(21,12,'Circle Of Rulers Entrance','0',100,'0'),(21,11,'Guardian Entrance','0',100,'0'),(21,10,'Guardian Missions','0',100,'0'),(22,12,'West Meeting Room','0',100,'0'),(22,11,'Guardian Entrance','0',100,'0'),(22,10,'Guardian Missions','0',100,'0'),(22,9,'Guardian Lounge','0',100,'0'),(23,13,'Guardian Entrance','0',100,'0'),(23,12,'Guardian Missions','0',100,'0'),(23,11,'Guardian Lounge','0',100,'0'),(23,10,'Initiate Entrance','0',100,'0'),(23,9,'Initiate Missions','0',100,'0'),(24,12,'Circle Of Rulers Entrance','0',100,'0'),(24,11,'Circle Of Rulers Lounge','0',100,'0'),(24,10,'Guardian Entrance','0',100,'0'),(25,12,'Main Entrance','0',100,'0'),(25,11,'Guardian Lounge','0',100,'0'),(25,10,'Guardian Missions','0',100,'0'),(25,9,'Guardian Entrance','0',100,'0'),(25,8,'Forward Armory','0',100,'1'),(26,13,'Celebration Hall','0',100,'0'),(26,12,'Circle Of Rulers Goal Room','0',100,'0'),(26,11,'Circle Of Rulers Entrance','0',100,'0'),(26,10,'Circle Of Rulers Lounge','0',100,'0'),(26,9,'Guardian Entrance','0',100,'0'),(26,8,'Guardian Missions','0',100,'0'),(27,10,'Cydoc_s Oozing Remains','0',100,'0'),(27,9,'Vile Retreat','0',100,'0'),(27,8,'Sedd_s Final Sight','0',100,'0'),(28,6,'Southwest Meditation Hall','0',100,'0'),(28,5,'Northwest Meditation Hall','0',100,'0'),(29,9,'South East Road','0',100,'0'),(29,8,'South Road','1',100,'0'),(30,7,'Sanctuary','1',100,'0'),(30,6,'Lambent Flats Exit','0',100,'0'),(30,5,'The Black Passage','0',100,'0'),(31,7,'Horgarths Heart','0',100,'0'),(31,8,'Gloom Peaks Bridge','0',100,'0'),(32,9,'Northwest Glade','0',100,'0'),(32,8,'Valley Of Totality Exit','1',100,'0'),(33,8,'Southwest Cave','0',100,'0'),(33,9,'South East Cave','0',100,'0'),(34,7,'East Sanctuary Entrance','0',100,'0'),(34,6,'The Lower Realms','0',100,'0'),(34,5,'South Sanctuary','1',100,'0'),(35,7,'Upper Labyrinth','0',100,'0'),(35,6,'Northeast Inner Ring','0',100,'0'),(36,7,'West Rift Vortex','0',100,'0'),(36,6,'Astral Void','0',100,'0'),(36,5,'Eastern Rift Cavern','0',100,'0'),(37,4,'Anelinde_s Prison','0',100,'0'),(39,13,'Grand Forge','0',100,'0'),(39,12,'Armory Steps','0',100,'0'),(39,11,'Dueling Arena','0',100,'0'),(39,10,'Dueler_s Respite','0',100,'0'),(41,12,'Sphere Four Study','0',100,'1'),(41,11,'Sphere Four Hall','0',100,'1'),(41,10,'Sphere Three Study','0',100,'1'),(41,9,'Sphere Three Archives','0',100,'1'),(42,9,'Temple of Meditation','0',100,'0'),(42,8,'Crossway','0',100,'0'),(42,7,'Labyrinth','0',100,'0'),(43,5,'Library','0',100,'1'),(43,4,'Pathway','0',100,'0'),(45,9,'The East Shore','0',100,'0'),(45,8,'Sanctum of Syriand','0',100,'0'),(45,7,'Shrine of Syriand the Graceful','0',100,'0'),(45,6,'Approach of Syriand','0',100,'0'),(46,9,'South East Road','0',100,'0'),(46,8,'South Road','0',100,'0'),(47,5,'Hall of Resilience','0',100,'1'),(47,6,'Hall of Lucidity','0',100,'1'),(48,6,'Execution Chamber','0',100,'0'),(48,5,'The Pedestal','0',100,'0'),(2,24,'Northeast Ring','0',100,'0'),(2,25,'Northwest Ring','0',100,'0'),(2,26,'Southwest Ring','0',100,'0'),(2,27,'Southeast Ring','0',100,'0'),(3,23,'Eiderdown_s Chamber','0',100,'0'),(3,24,'Private Room','0',100,'0'),(3,25,'Shanook_s Chamber','0',100,'0'),(3,26,'Threshold Way','0',100,'0'),(4,23,'Forgotten Grotto','0',100,'0'),(4,24,'Tiraths Pit','0',100,'0'),(4,25,'Padeas Pit','0',100,'0'),(4,26,'Illapse Keep Ambuscade','0',100,'0'),(4,27,'Illapse Keep','0',100,'0'),(4,28,'Illapse Keep Ambuscade','0',100,'0'),(5,25,'Lake Of Tears North West','0',100,'0'),(5,26,'Path of Justice','0',100,'0'),(5,27,'Cavern of Tears','0',100,'0'),(6,24,'Terranayd_s Twist','0',100,'0'),(6,25,'Kedarecan_s Finest Hour','0',100,'0'),(6,26,'Sanctuary Steps','0',100,'0'),(6,27,'Upfalls Sanctuary','1',100,'0'),(7,9,'Soulmaster Guild','0',100,'1'),(8,21,'Outer Sanctuary','0',100,'0'),(8,22,'Sanctuary','0',100,'0'),(8,23,'The Little Bridge','0',100,'0'),(8,24,'Ladybug_s Perseverance','0',100,'0'),(9,15,'Cave of Pain','0',100,'0'),(9,16,'Tunnel Caves','0',100,'0'),(10,16,'The Open Road','0',100,'0'),(10,17,'The Left Bend','0',100,'0'),(10,18,'The Winding Road','0',100,'0'),(11,13,'East Sanctuary','0',100,'0'),(11,14,'North Sanctuary','0',100,'0'),(11,15,'West Sanctuary','0',100,'0'),(12,25,'The Dark Turn','0',100,'0'),(12,26,'Sanctuary','1',100,'0'),(12,27,'The Low Curves','0',100,'0'),(12,28,'The High Curves','0',100,'0'),(13,15,'Benny_s Blue Passage','0',100,'0'),(14,10,'Sanctuary','1',100,'0'),(14,11,'East Sanctuary Passage','0',100,'0'),(15,17,'The East Cloud Rocks','0',100,'0'),(15,18,'The West Cloud Rocks','0',100,'0'),(15,19,'Sanctuary','1',100,'0'),(16,7,'Vents of Valador','0',100,'0'),(17,23,'Ruler_s Entrance','0',100,'0'),(17,24,'Ruler_s Lounge','0',100,'0'),(17,25,'Ruler_s Voting','0',100,'0'),(18,26,'Green Hall','0',100,'0'),(18,27,'The Teaching Hall','0',100,'0'),(18,28,'The Patrol Hall','0',100,'0'),(18,29,'Order Of Light Hall','1',100,'0'),(19,29,'West Lagoon Road','0',100,'0'),(19,30,'West Road','0',100,'0'),(19,31,'The Flask and Chak','0',100,'0'),(19,32,'Secret Cache','0',100,'1'),(20,16,'Gathering, Light Hall','0',100,'0'),(20,17,'Provenance','0',100,'0'),(21,23,'Forward Armory','0',100,'1'),(21,24,'Forward Vault','0',100,'1'),(21,25,'Maze','0',100,'0'),(21,26,'Armory','0',100,'1'),(22,25,'Astronomy Lab','0',100,'0'),(22,26,'Rulers Meeting Room','0',100,'0'),(22,27,'The Atrium','0',100,'1'),(22,28,'Guardians Meeting Room','0',100,'0'),(22,29,'Alliance Of The Eclipse Hall','0',100,'0'),(23,25,'Maze','0',100,'0'),(23,26,'Maze','0',100,'0'),(23,27,'Armory','0',100,'1'),(23,28,'Vault','0',100,'1'),(25,28,'Sand Tunnels','0',100,'0'),(27,21,'Celon_s Palatial Thoughts','0',100,'0'),(24,24,'The Patrol Hall','0',100,'0'),(24,25,'Central Vault','0',100,'1'),(24,26,'Rulers Meeting Room','0',100,'0'),(24,27,'Initiates Meeting Room','0',100,'0'),(25,24,'Courtyard','0',100,'0'),(25,25,'The Teaching Chamber','0',100,'0'),(25,26,'The Patrol Room','0',100,'0'),(25,27,'Golden Hall','0',100,'0'),(26,23,'Maze','0',100,'0'),(26,24,'Vault','0',100,'1'),(26,25,'Union Hall','0',100,'0'),(26,26,'Sanctuary','1',100,'0'),(26,27,'Athenaeum','0',100,'1'),(27,17,'Aristoe_s Reflective Room','0',100,'0'),(27,18,'The Churning Depths','0',100,'0'),(27,19,'Umbric Exit','0',100,'0'),(27,20,'Paio_s Cavern','0',100,'0'),(28,11,'The Red Temple','0',100,'0'),(29,17,'Sanctuary','1',100,'0'),(29,18,'Temple Of Agony','0',100,'0'),(30,13,'The Black Cavern','0',100,'0'),(30,14,'The Lava Pits','0',100,'0'),(31,16,'Wounded Falls','0',100,'0'),(31,17,'Mystic Tunnel','0',100,'0'),(31,18,'Larrod_s Retreat','0',100,'0'),(32,16,'North Gate Entrance','0',100,'0'),(32,17,'North Gate Outer Circle','0',100,'0'),(32,18,'South Gate Outer Circle','0',100,'0'),(33,17,'North Sanctuary','0',100,'0'),(33,18,'South Sanctuary','0',100,'0'),(33,19,'The Lair Of Teng','0',100,'0'),(34,12,'The Darkened Passage','0',100,'0'),(34,13,'Abel_s Fasting Hall','0',100,'0'),(35,15,'The Black Id','0',100,'0'),(35,16,'The Black Pit','0',100,'0'),(36,15,'The Edge Of Consciousness','0',100,'0'),(36,16,'North Containment Dungeon','0',100,'0'),(37,10,'Nowyn_s Situation','0',100,'0'),(38,6,'The Chamber Of The Timid','0',100,'0'),(39,25,'Library of Dreams','0',100,'0'),(39,26,'The Jagged Steps','0',100,'0'),(39,27,'The Corrupted Way','0',100,'0'),(39,28,'Ari_s Decending Hopes','0',100,'0'),(41,24,'Sphere Eight Hall','0',100,'1'),(41,25,'Sphere Eight Study','0',100,'1'),(41,26,'Sphere Nine Hall','0',100,'1'),(41,27,'Sphere Nine Study','0',100,'1'),(41,28,'Sphere Nine Reading Room','0',100,'1'),(42,15,'Path of Madness','0',100,'0'),(42,16,'Path of Madness','0',100,'0'),(42,17,'Meditation Hall','1',100,'0'),(43,11,'Pathway','0',100,'0'),(44,3,'Chaos Pools','0',100,'0'),(45,16,'The Sanctum of Rek Nektu','0',100,'0'),(45,17,'The Hidden Shore','0',100,'0'),(45,18,'The Approach of Markosh','0',100,'0'),(45,19,'The Shrine of Markosh','0',100,'0'),(46,17,'Pit Of Shame','1',100,'0'),(46,18,'Chamber Of Bravery','0',100,'0'),(47,12,'Masters of Will','0',100,'1'),(47,13,'Convergence Museum','1',100,'1'),(48,11,'Lashing Way','0',100,'0'),(49,4,'Dreamsmith_s Vault','0',100,'1'),(49,5,'The Hall of Faces','1',100,'0'),(51,3,'Black Burrow','0',100,'1'),(51,4,'Black Burrow','0',100,'1'),(51,5,'Black Burrow','0',100,'1'),(51,6,'Black Burrow','0',100,'1'),(51,7,'Black Burrow','0',100,'1'),(2,8,'The Rocky Path','0',100,'0'),(3,9,'The Grand Walkway','0',100,'0'),(4,8,'Legaths Trail','0',100,'0'),(5,9,'The Crossroads','0',100,'0'),(6,9,'Aciawyn_s Point','0',100,'0'),(6,8,'Aciawyn_s Lagoon','0',100,'0'),(8,6,'Wordsmith Guild','1',100,'0'),(10,6,'Torea_s Vile Respite','0',100,'0'),(11,5,'The Ring Path','0',100,'0'),(12,10,'The Long Road','0',100,'0'),(12,9,'Upper Falls','0',100,'0'),(13,6,'Ibadric_s Turn','0',100,'0'),(13,7,'Windin_s Walk','0',100,'0'),(15,6,'Stone Crossway','0',100,'0'),(17,8,'Master Vault','0',100,'1'),(17,7,'Maze','0',100,'0'),(18,8,'Guardian Missions','0',100,'0'),(19,11,'The Switchback','0',100,'0'),(19,10,'The Small Bend','0',100,'0'),(19,9,'The Study','0',100,'1'),(20,6,'Alliance, Order Hall','1',100,'0'),(21,9,'Peace Corpse Hall','0',100,'0'),(21,8,'Guardian Lounge','0',100,'0'),(22,8,'Initiate Entrance','0',100,'0'),(23,8,'Initiate Lounge','0',100,'0'),(24,9,'Guardian Lounge','0',100,'0'),(25,7,'Initiate Missions','0',100,'0'),(26,7,'Guardian Lounge','0',100,'0'),(27,7,'Ivory Cave','0',100,'0'),(28,4,'Northeast Meditation Hall','0',100,'0'),(29,6,'East Road','0',100,'0'),(29,7,'South West Road','0',100,'0'),(30,4,'The Midnight Cavern','0',100,'0'),(32,7,'Far Southeast Glade','0',100,'0'),(33,7,'West Cave','0',100,'0'),(33,6,'East Cave','0',100,'0'),(34,4,'The Center Of Dread','0',100,'0'),(35,5,'Northwest Inner Ring','0',100,'0'),(39,9,'The Waterhole','0',100,'0'),(41,8,'Sphere Three Hall','0',100,'1'),(42,6,'Labyrinth','0',100,'0'),(43,3,'Pathway','0',100,'0'),(46,6,'East Road','1',100,'0'),(46,7,'South West Road','0',100,'0'),(49,2,'Forger_s Guild','0',100,'1'),(51,2,'The Inky Black','0',100,'0'),(2,28,'Cholok_s Temple','0',100,'0'),(3,27,'Pond of Reflections','0',100,'0'),(5,28,'Threshold Way','0',100,'0'),(5,29,'Little Cave','1',100,'0'),(6,28,'Lotholin_s Polished Way','0',100,'0'),(9,17,'The Damp Tunnel','0',100,'0'),(10,19,'The Sable Gate','0',100,'0'),(12,29,'Steps to Sanctuary','0',100,'0'),(13,16,'Sanctuary of Sarsipious','0',100,'0'),(14,12,'GateKeeper Guild','0',100,'1'),(15,20,'The Rock Passage','0',100,'0'),(16,8,'The Shadow Gates','0',100,'0'),(17,26,'Calenture Hall','1',100,'0'),(17,27,'Celebration Hall','0',100,'0'),(18,30,'Essence Storage Room','0',100,'1'),(20,18,'The Ark of Duke','1',100,'0'),(29,19,'Temple Of Sorrow','0',100,'0'),(31,19,'Mt Illapse Exit','1',100,'0'),(32,19,'North Gate Inner Ring','0',100,'0'),(33,20,'Teng_s Treasure Hoard','0',100,'0'),(33,21,'Teng_s Spiteful Rest','0',100,'0'),(34,14,'The Stairs Of Legumbor','0',100,'0'),(36,17,'Northern Rift Gate','1',100,'0'),(38,7,'Cache','0',100,'1'),(39,29,'Steps Of Consciousness','0',100,'0'),(42,18,'Hidden Vault','0',100,'1'),(46,19,'Chamber Of Destiny','0',100,'0'),(47,14,'Hall of Relics and Curios','0',100,'1'),(48,12,'Bluff Depths','0',100,'0'),(51,8,'The Coffin Hall','1',100,'0'),(1,1,'The Courtyard Of Awakening','1',100,'0'),(2,7,'Stair Exit','0',100,'0'),(2,6,'Southeast Room','0',100,'0'),(2,5,'Southwest Room','0',100,'0'),(2,4,'Northeast Room','0',100,'0'),(2,3,'Northwest Room','0',100,'0'),(2,2,'Stair Entrance','0',100,'0'),(2,1,'The Outer Stairs','1',100,'0'),(3,8,'Trinity Fountain','0',100,'0'),(3,7,'Trinity Crossing','0',100,'0'),(3,6,'The Arched Gateway','0',100,'0'),(3,5,'The U-Turn','0',100,'0'),(3,4,'The Bend','0',100,'0'),(3,3,'The Easy Bend','0',100,'0'),(3,2,'Crystal Point','0',100,'0'),(3,1,'The Beaten Path','0',100,'0'),(4,7,'Nyradadin_s Trail','0',100,'0'),(4,6,'Adae_s Trail','0',100,'0'),(4,5,'Jerigigian_s Trail','0',100,'0'),(4,4,'Haumos Trail','0',100,'0'),(4,3,'Dwalag_s Trail','0',100,'0'),(4,2,'Galulin Trail','0',100,'0'),(4,1,'Threshold Way','1',100,'0'),(5,8,'Gold Sanctuary North','0',100,'0'),(5,7,'Gold Sanctuary East','0',100,'0'),(5,6,'Gold Sanctuary','1',100,'0'),(5,5,'Gold Sanctuary West','0',100,'0'),(5,4,'Dark Road','0',100,'0'),(5,3,'Light Road','0',100,'0'),(5,2,'Gold Sanctuary South','0',100,'0'),(5,1,'Low Road','0',100,'0'),(6,7,'The Covered Stairs','0',100,'0'),(6,6,'Drali_s Drink','0',100,'0'),(6,5,'Fernix_s Fountain','0',100,'0'),(6,4,'The Tall Falls','0',100,'0'),(6,3,'The Shallow Path','0',100,'0'),(6,2,'The Twin Trees','0',100,'0'),(6,1,'Romance Falls','0',100,'0'),(7,2,'Peaceful Path','0',100,'0'),(7,1,'Liavudd_s Lost Wanderings','0',100,'0'),(8,5,'The Resting Columns','0',100,'0'),(8,4,'Vorella_s Higher Path','0',100,'0'),(8,3,'Kasumi_s Crossing','0',100,'0'),(8,2,'Trinity Path','0',100,'0'),(8,1,'Fountain Of Wishes','0',100,'0'),(9,5,'The Lower Passive River','0',100,'0'),(9,4,'Trinity Road','0',100,'0'),(9,3,'Canyon Fork','1',100,'0'),(9,2,'Canyon Turn','0',100,'0'),(9,1,'Canyon Path','0',100,'0'),(10,5,'Sanctuary of Dona Cleoperra','1',100,'0'),(10,4,'The Stone Table','0',100,'0'),(10,3,'Dagnon_s Deadly Ground','0',100,'0'),(10,2,'Cairn of Don Argan','0',100,'0'),(10,1,'The Rising Path','0',100,'0'),(11,4,'Southwest Ring Path','0',100,'0'),(11,3,'Southeast Ring Path','0',100,'0'),(11,2,'The Crossing Paths','0',100,'0'),(11,1,'The Hand Of Fate','0',100,'0'),(12,8,'The Falls','0',100,'0'),(12,7,'Middle Road','0',100,'0'),(12,6,'Cave Falls','0',100,'0'),(12,5,'The Rock Falls','0',100,'0'),(12,4,'The Crossways','0',100,'0'),(12,3,'West Sanctuary','0',100,'0'),(12,2,'Threshold Way','0',100,'0'),(12,1,'Little Bridge','1',100,'0'),(13,5,'Brorev_s Road','0',100,'0'),(13,4,'Bigibwyn_s Path','0',100,'0'),(13,3,'Grehatio_s Cavern','0',100,'0'),(13,2,'The Slopes Of Choregan','0',100,'0'),(13,1,'Threshold Way','0',100,'0'),(14,3,'Bright Outlook','0',100,'0'),(14,2,'Merandan_s Dark Mountain','0',100,'0'),(14,1,'Jinok_s Cliff_s','0',100,'0'),(15,5,'Whiny_s Wanderings','0',100,'0'),(15,4,'Pandnae_s Pond','0',100,'0'),(15,3,'Wuand_s Turn','0',100,'0'),(15,2,'Quentio_s Turn','0',100,'0'),(15,1,'Praywwr_s Path','0',100,'0'),(16,2,'Floating Rock Road','0',100,'0'),(16,1,'Stone Cloud Crossing','0',100,'0'),(17,6,'Essence Storage','0',100,'1'),(17,5,'Master Armory','0',100,'1'),(17,4,'Mustering Hall','0',100,'0'),(17,3,'Initiate Lounge','0',100,'0'),(17,2,'Initiate Missions','0',100,'0'),(17,1,'Initiates Entrance','0',100,'0'),(18,7,'Guardian Lounge','0',100,'0'),(18,6,'Main Entrance','0',100,'0'),(18,5,'Gathering Hall','0',100,'0'),(18,4,'Central Hall','0',100,'0'),(18,3,'Initiate Lounge','0',100,'0'),(18,2,'Initiate Missions','0',100,'0'),(18,1,'Initiate Entrance','0',100,'0'),(19,8,'The Mediation Chamber','0',100,'0'),(19,7,'The Private Meeting Room','0',100,'1'),(19,6,'The Main Hall','0',100,'0'),(19,5,'Fayd_s Fortress','1',100,'0'),(19,4,'The Grand Staircase','0',100,'0'),(19,3,'Basin Arches','0',100,'0'),(19,2,'The Basin','0',100,'0'),(19,1,'The Basin Gates','0',100,'0'),(20,5,'Alliance of the Eclipse','1',100,'0'),(20,4,'Union, Alliance Hall','0',100,'0'),(20,3,'Union of the Covenant','1',100,'0'),(20,2,'Light, Union Hall','0',100,'0'),(20,1,'Order of Light','1',100,'0'),(21,7,'Initiate Entrance','0',100,'0'),(21,6,'Initiate Missions','0',100,'0'),(21,5,'Initiate Lounge','0',100,'0'),(21,4,'Sanctuary','1',100,'0'),(21,3,'Center Hall','0',100,'0'),(21,2,'Gathering Hall','1',100,'0'),(21,1,'Main Entrance','0',100,'0'),(22,7,'Initiate Missions','0',100,'0'),(22,6,'Initiate Lounge','0',100,'0'),(22,5,'Maze','0',100,'0'),(22,4,'Celebration Hall','0',100,'0'),(22,3,'Center Hall','0',100,'0'),(22,2,'Gathering Hall','0',100,'0'),(22,1,'Main Entrance','0',100,'0'),(23,7,'Essence Storage','0',100,'1'),(23,6,'Celebration Hall','0',100,'0'),(23,5,'Center Hall','0',100,'0'),(23,4,'Sanctuary','1',100,'0'),(23,3,'Gathering Hall','0',100,'0'),(23,2,'Entrance Hall','0',100,'0'),(23,1,'Main Entrance','0',100,'0'),(24,8,'Guardian Missions','0',100,'0'),(24,7,'Initiate Entrance','0',100,'0'),(24,6,'Initiate Lounge','0',100,'0'),(24,5,'Initiate Missions','0',100,'0'),(24,4,'Center Hall','0',100,'0'),(24,3,'Sanctuary','1',100,'0'),(24,2,'Gathering Hall','0',100,'0'),(24,1,'Main Entrance','0',100,'0'),(25,6,'Initiate Entrance','0',100,'0'),(25,5,'Sanctuary','1',100,'0'),(25,4,'Celebration Hall','0',100,'0'),(25,3,'Circle of Rulers Goal Room','0',100,'0'),(25,2,'Circle of Rulers Lounge','0',100,'0'),(25,1,'Circle of Rulers Entrance','0',100,'0'),(26,6,'Initiate Entrance','0',100,'0'),(26,5,'Initiate Missions','0',100,'0'),(26,4,'Initiate Lounge','0',100,'0'),(26,3,'Center Hall','1',100,'0'),(26,2,'Gathering Hall','0',100,'0'),(26,1,'Main Entrance','0',100,'0'),(27,6,'Addycyn_s Alcoves','0',100,'0'),(27,5,'Chalk Cavern','1',100,'0'),(27,4,'Ivory Palace','0',100,'0'),(27,3,'Temple Of Tsthogua','0',100,'0'),(27,2,'Fester_s River','0',100,'0'),(27,1,'Sanctuary','1',100,'0'),(28,3,'Spike Temple','0',100,'0'),(28,2,'The Decorative Hall','0',100,'0'),(28,1,'Mt. Illapse Exit','1',100,'0'),(29,5,'North East Road','0',100,'0'),(29,4,'North Road','0',100,'0'),(29,3,'Northwest Road','0',100,'0'),(29,2,'West Road','0',100,'0'),(29,1,'Evernight Plateau Exit','0',100,'0'),(30,3,'The Cavern Of Battle','0',100,'0'),(30,2,'Main Road','0',100,'0'),(30,1,'Edgeward Barrows Exit','0',100,'0'),(31,6,'Hershal_s Fallen Way','0',100,'0'),(31,5,'The Blood Baths','0',100,'0'),(31,4,'Bleeding Hall','0',100,'0'),(31,3,'Blood Hall','0',100,'0'),(31,2,'Blood Falls','0',100,'0'),(31,1,'The Cliff Face','0',100,'0'),(32,6,'Southeast Glade','0',100,'0'),(32,5,'Far East Glade','0',100,'0'),(32,4,'East Glade','0',100,'0'),(32,3,'Far Northeast Glade','0',100,'0'),(32,2,'Northeast Glade','0',100,'0'),(32,1,'Evernight Plateau Exit','0',100,'0'),(33,5,'Northwest Cave','0',100,'0'),(33,4,'Northeast Cave','0',100,'0'),(33,3,'North Cave','0',100,'0'),(33,2,'Umbric Cavern','0',100,'0'),(33,1,'Umbric Plains Exit','0',100,'0'),(34,3,'Southeast Sanctuary Entrance','0',100,'0'),(34,2,'West Sanctuary Entrance','0',100,'0'),(34,1,'Trinity Fields Exit','0',100,'0'),(35,4,'North Inner Ring','0',100,'0'),(35,3,'West Inner Ring','0',100,'0'),(35,2,'Fayd_s Betrayal','0',100,'0'),(35,1,'South Inner Ring','0',100,'0'),(36,4,'Shrine of Horron','0',100,'0'),(36,3,'Southwest Containment Dungeon','0',100,'0'),(36,2,'South Containment Dungeon','0',100,'0'),(36,1,'Southern Rift Gate','0',100,'0'),(37,3,'Goril_s Room','0',100,'0'),(37,2,'Dark Temple','0',100,'0'),(37,1,'Tinandiul_s Post','0',100,'0'),(38,2,'The Western Corridor','0',100,'0'),(38,1,'Pagas_s Room','1',100,'0'),(39,8,'The Broken Hall','0',100,'0'),(39,7,'Cave Of Crystals','0',100,'0'),(39,6,'The Crumbled Way','0',100,'0'),(39,5,'Chamber of Fate','0',100,'0'),(39,4,'Path of Honor','0',100,'0'),(39,3,'The Lower Hall','0',100,'0'),(39,2,'Main Stairs','0',100,'0'),(39,1,'Bogrom_s Lair','0',100,'0'),(41,7,'Sphere Two Archives','0',100,'1'),(41,6,'Sphere Two Study','0',100,'1'),(41,5,'Sphere Two Hall','0',100,'1'),(41,4,'Sphere One Archives','0',100,'1'),(41,3,'Sphere One Study','0',100,'1'),(41,2,'Sphere One Hall','0',100,'1'),(41,1,'Library Main Room','1',100,'0'),(42,5,'Labyrinth','0',100,'0'),(42,4,'Labyrinth Entrance','0',100,'0'),(42,3,'Ceremonial Hall','0',100,'0'),(42,2,'Entrance','1',100,'0'),(42,1,'Hidden Ambush','0',100,'0'),(43,2,'Vault','0',100,'0'),(43,1,'Meditation Room','0',100,'0'),(44,1,'The Dark Awakening','1',100,'0'),(45,5,'The North Shore','0',100,'0'),(45,4,'Sanctum of Gerriel Endeth','1',100,'0'),(45,3,'The West Shore','1',100,'0'),(45,2,'Approach of Gerriel Endeth','0',100,'0'),(45,1,'Shrine of Gerriel Endeth','0',100,'0'),(46,5,'North East Road','0',100,'0'),(46,4,'North Road','0',100,'0'),(46,3,'Northwest Road','0',100,'0'),(46,2,'West Road','0',100,'1'),(46,1,'Evernight Plateau Exit','0',100,'0'),(47,4,'Vestibule of the Ordained','0',100,'0'),(47,3,'Apprentices_ Study','0',100,'1'),(47,2,'Archives of the Planes','1',100,'1'),(47,1,'Grand Hall of Wisdom','0',100,'0'),(48,4,'Contemplative Walk','0',100,'0'),(48,3,'Ambush','0',100,'0'),(48,2,'Cell Block','1',100,'0'),(48,1,'Dreaded Hall','1',100,'0'),(49,1,'Aethimir_s Lab','1',100,'0'),(51,1,'The Broken Vestibule','1',100,'0'),(2,29,'Gloom Peaks Entrance','0',100,'0'),(2,30,'Lost Caves Entrance','0',100,'0'),(2,31,'Hidden Study','0',100,'0'),(3,28,'Unused','0',100,'0'),(3,29,'Dreamseer Guild','0',100,'1'),(4,29,'Ready Room','0',100,'1'),(4,30,'Illapse Sanctuary','1',100,'0'),(4,31,'Cabal Cache','0',100,'1'),(5,30,'Cave Road','0',100,'0'),(6,29,'Threshold Way','0',100,'0'),(8,25,'Tjia Tsehai_s Subterranean','0',100,'0'),(9,18,'Lower Canyon Tunnel','0',100,'0'),(9,19,'Lower Canyon Fork','0',100,'0'),(10,20,'The U-Turn','0',100,'0'),(10,21,'The Bending Road','0',100,'0'),(10,22,'Lookout Point','0',100,'0'),(11,16,'Threshold Way','0',100,'0'),(11,17,'Hall of the Ancients','0',100,'0'),(12,30,'Calenture Way','0',100,'0'),(12,31,'Cache','0',100,'1'),(12,32,'Chamber of Distraction','0',100,'0'),(13,17,'Aria_s Aware Passage','0',100,'0'),(15,21,'The Ashen Way','0',100,'0'),(15,22,'Threshold Way','0',100,'0'),(16,9,'Lost Crossing','0',100,'0'),(17,28,'Maze','0',100,'0'),(17,29,'Not Used','0',100,'1'),(17,30,'Library of Calenture','0',100,'1'),(17,31,'Unused','0',100,'0'),(17,32,'Facade','0',100,'0'),(18,31,'Master_s Study','0',100,'1'),(18,32,'Main Entrance','0',100,'0'),(19,33,'Secret Maze','0',100,'0'),(19,34,'WishBringer_s Private Retreat','0',100,'0'),(20,19,'Shadowlight','0',100,'1'),(21,27,'Vault','0',100,'1'),(21,28,'Maze','0',100,'0'),(21,29,'Maze','0',100,'0'),(21,30,'Library of Radiance','0',100,'1'),(21,31,'Main Entrance','0',100,'0'),(22,30,'Library of the Eclipse','0',100,'1'),(22,31,'Main Entrance','1',100,'0'),(23,29,'Initiate Hallway','0',100,'0'),(23,30,'Gathering Of The Entranced Hal','1',100,'0'),(23,31,'Library of the Entranced','0',100,'1'),(23,32,'Main Entrance','0',100,'0'),(24,28,'Maze','0',100,'0'),(24,29,'Keepers Of The Shadow Hall','1',100,'0'),(24,30,'Main Entrance','0',100,'0'),(25,29,'Essence Room','0',100,'1'),(25,30,'Order Of The Sable Moon Hall','1',100,'0'),(25,31,'Forward Armory','0',100,'1'),(26,28,'Main Entrance','0',100,'0'),(26,29,'Armory','0',100,'1'),(26,30,'Forward Armory','0',100,'1'),(27,22,'Dwura_s Artery','0',100,'0'),(27,23,'Cache','0',100,'1'),(28,12,'South East Passage','0',100,'0'),(29,20,'Temple Of Pain','0',100,'0'),(29,21,'Fatesender Guild','0',100,'1'),(30,15,'The Spiked Crossing','0',100,'0'),(31,20,'Basin of Stars Exit','0',100,'0'),(31,21,'The Cyclonyx','1',100,'0'),(32,20,'South Gate Inner Ring','0',100,'0'),(32,21,'Mineral Springs','0',100,'0'),(33,22,'Cache','0',100,'1'),(33,23,'Lost Cave','0',100,'0'),(33,24,'Teng_s Crypt','1',100,'1'),(33,25,'Unnamed Room','0',100,'0'),(34,15,'Syriand_s Graceful Entrance','0',100,'0'),(34,16,'The Unknown','0',100,'1'),(35,17,'Western Rift Gate','1',100,'0'),(35,18,'Lower Labyrinth','0',100,'0'),(36,18,'Western Ridge','0',100,'0'),(39,30,'The Study Of Renrut Nek','0',100,'0'),(39,31,'Hidden Ballroom','1',100,'0'),(41,29,'Sphere Nine Archives','0',100,'1'),(42,19,'Left Wing','0',100,'0'),(42,20,'Right Wing','0',100,'0'),(45,20,'The Sanctum of Markosh','0',100,'0'),(45,21,'The Nexus','0',100,'0'),(46,20,'Chamber Of Fortune','0',100,'0'),(46,21,'Fatesender Guild','0',100,'0'),(47,15,'Gallery of Horrors','0',100,'1'),(50,1,'The Laboratory','0',100,'0'),(50,2,'The Pillars of Soul','0',100,'0'),(50,3,'The Ritual Chamber','0',100,'0'),(50,4,'The Flooded Cavern','1',100,'0'),(50,5,'The Gate','0',100,'0'),(50,6,'The Fortification Chamber','0',100,'0'),(50,7,'Unnamed Room','0',100,'0'),(50,8,'Unnamed Room','0',100,'0'),(51,9,'Narthex of Sacrament','0',100,'0'),(51,10,'Acheron_s Chambers','0',100,'1');
/*!40000 ALTER TABLE `room` ENABLE KEYS */;
UNLOCK TABLES;

--
-- Table structure for table `room_desc`
--

DROP TABLE IF EXISTS `room_desc`;
/*!40101 SET @saved_cs_client     = @@character_set_client */;
/*!40101 SET character_set_client = utf8 */;
CREATE TABLE `room_desc` (
  `level_id` int(2) unsigned NOT NULL,
  `room_id` int(2) unsigned NOT NULL,
  `description` text
) ENGINE=MyISAM DEFAULT CHARSET=latin1;
/*!40101 SET character_set_client = @saved_cs_client */;

--
-- Dumping data for table `room_desc`
--

LOCK TABLES `room_desc` WRITE;
/*!40000 ALTER TABLE `room_desc` DISABLE KEYS */;
INSERT INTO `room_desc` VALUES (1,1,''),(1,2,''),(1,3,'The very air of this chamber shimmers with power and seems to hold a great, ancient knowledge. The exquisite workmanship and excellent condition of the room cry out that creating it was a labor of love.'),(1,4,''),(1,5,''),(1,6,''),(2,1,''),(2,2,''),(2,3,''),(2,4,''),(2,5,''),(2,6,''),(2,7,''),(2,8,''),(2,9,''),(2,10,''),(2,11,''),(2,12,''),(2,13,''),(2,14,''),(2,15,''),(2,16,'The gentle breeze blowing through the room sings like a flute. Shadows and sunlight dance across the waters below the falls in endless procession. A few small lizards bask on stones in the pool or hide among the red flowers that grow about its edge.'),(2,17,''),(2,18,''),(2,19,''),(2,20,''),(2,21,''),(2,22,''),(2,23,''),(2,24,''),(2,25,''),(2,26,''),(2,27,''),(2,28,''),(2,29,''),(2,30,''),(2,31,'A healthy, natural growth of plantlife with an aroma of greenery beckons at your senses. A cool, calming mist invites you into the study and a tranquilizing sound of trickling water surrounds you. A brilliant glow of soft, sparkling dew drops dance around, exuding the effects of splashing water.'),(3,1,''),(3,2,''),(3,3,''),(3,4,''),(3,5,''),(3,6,''),(3,7,''),(3,8,''),(3,9,''),(3,10,''),(3,11,'The only illumination here is soft light from the glow of the portals, darkness claiming the remainder of this watery tunnel. The waters are cool, and dark. The floor below is smooth, and polished, suggesting this place was not always flooded.'),(3,12,'So little light illuminates the room that the waist deep water appears black. Small currents eddy about in a seemingly aimless procession. Something sinuous brushes against your leg below the surface.'),(3,13,''),(3,14,''),(3,15,''),(3,16,''),(3,17,''),(3,18,''),(3,19,''),(3,20,''),(3,21,''),(3,22,''),(3,23,''),(3,24,''),(3,25,''),(3,26,'Graceful arches coax your gaze up to the stars of a pastel sky. A warm, gentle breeze carries the scent of flowers and waterfalls gently through the grasses. A pathway of polished stone leads onward to the Gathering of the Entranced.'),(3,27,''),(3,28,''),(3,29,''),(4,1,'Massive rock walls rise up to delineate a path along an escarpment. Strong winds gust from time to time, pushing at you with a strong force. The footpath up the mountain is worn from countless travelers\' steps on its way to the Dreamers of Light.'),(4,2,''),(4,3,''),(4,4,''),(4,5,''),(4,6,''),(4,7,''),(4,8,''),(4,9,''),(4,10,''),(4,11,''),(4,12,''),(4,13,''),(4,14,''),(4,15,''),(4,16,''),(4,17,''),(4,18,''),(4,19,''),(4,20,''),(4,21,''),(4,22,''),(4,23,''),(4,24,''),(4,25,''),(4,26,''),(4,27,''),(4,28,''),(4,29,''),(4,30,''),(4,31,''),(5,1,''),(5,2,''),(5,3,''),(5,4,''),(5,5,''),(5,6,''),(5,7,''),(5,8,'Small hills and pillars of dirt and stone, packed hard together by time and sun, pepper the landscape here like pockmarks on some ugly face. The yellow marble of the Sanctuary entrance gleams in sharp contrast, as though flouting its ability to stand the test of time.'),(5,9,''),(5,10,''),(5,11,''),(5,12,''),(5,13,'Small tapestries matching the floor pattern hang from the four pillars, in the four corners of this nearly open-roof Sanctuary. The baking heat presses in from above, the shade of the the outer edges of this space providing no small respite. Regardless of the heat, or perhaps in spite of it, the stone flooring here is cool, nearly cold, to the touch.'),(5,14,''),(5,15,'Dirt and stone war here for control of this place, both losing the battle to the arid heat beating down from above. The walls of stone beside the Sanctuary are rough, and cracked; evidence of pickaxe damage indicates some long past excavation.'),(5,16,''),(5,17,''),(5,18,''),(5,19,'The bright red of the blood coloured water flows placidly through its dry, sandy surroundings. A tall spire stands silent sentinel, its unblinking eye seems to follow your every move.'),(5,20,'The earth splits between four sets of staircases, as though some great axe descended from above, biting down. Mounds of piled dirt and stone flank these staircases, with a single, moss-ridden headstone atop; a barrow of some long forgotten dead.'),(5,21,''),(5,22,''),(5,23,''),(5,24,''),(5,25,''),(5,26,''),(5,27,''),(5,28,'A wasteland of stone and sand stretches before you. The air is dry and hot. Ancient mounds, worn by time, dot the landscape. A carefully fitted stone path meanders among the natural splendors on its way to the Union of the Covenant.'),(5,29,''),(5,30,''),(6,1,'A cobblestone bridge has been constructed here, spanning the river created by the gently flowing waterfall. The majority of the bridge seems to be crafted from marble, abundantly colored by plum, ivory, and all tones in between. The gentle waterfall barely makes a noise despite its size, and the water passing beneath the bridge is nearly silent. The water is crystal clear and between the rocks, various tokens, medallions, coins and other relics seem to have been dropped into it. Midway across the bridge, faint whispering is almost perceivable.'),(6,2,'In the shadows of the stonebark trees, hazy images of animals both familiar and strange blink in and out of being: a stag looks up from drinking and vanishes; a rabbit darts from one tree to the other and disappears; a sprecklefin fish leaps out of the shallow water and with a splash it is gone. The menagerie\'s variety seems endless, though each creature exists only long enough to be noticed.'),(6,3,''),(6,4,'A watery path leads into cobblestone steps, heralded by the roar of waters crashing into the pool below. The foamy waters of the pool churn with activity, both from the falling waters of above, and the tiny insects living in and around.'),(6,5,''),(6,6,'Purity itself flows like water over the falls in this private lagoon, filling the pool with a quiet serenity that is difficult to ignore. The stones are overgrown with brightly flowering vines and thick fern fronds. The air is still, filled with the misty spray of the falls and the rich scent of plant life.'),(6,7,''),(6,8,''),(6,9,''),(6,10,''),(6,11,''),(6,12,'A massive stone block pierces the sky; the sky is split open above; a rainfall trickles ceaselessly like a curtain of water, pattering the stone walk. Behind you, in the sparse grass, a forgotten stone pokes through.'),(6,13,'The river\'s gentle waves break upon the bridge\'s time-washed stones. This soft susurration of the waters carries with it memories of wishes whispered by wonderstruck wanderers as they gazed upon the clear sky. The words linger on the edge of comprehension, as though they weren\'t meant to be heard by anyone but the dream itself. The sound entices as if the bridge itself were inviting those who stand upon it to add their own wishes to the water\'s chorus.'),(6,14,''),(6,15,''),(6,16,''),(6,17,'Partially obscured by foliage, a ring of arcane runes has been carved into the stone, such that it seemingly always lies in the shadow of the pillar. Portions of the carving appear newer than others; sharp, freshly carved runes give way to older runes, as though the entire circle has always been a work in progress kept up by each new generation of dreamers. The oldest of the runes seem to fade into the stone like a half-forgotten idea.'),(6,18,''),(6,19,''),(6,20,''),(6,21,''),(6,22,''),(6,23,'Upon entering, you find ankle-deep water that sparkles and cascades down the hidden waterfall. Small outcroppings of rocks seem to form a safe path down. The spray from the falling water and presence of abundant sunlight cause the perpetual display of an eternal rainbow.'),(6,24,''),(6,25,''),(6,26,''),(6,27,'A verdant place, slightly humid with the sweet smell of growing things and the sound of flowing water. Vine trailers poke nearly everywhere from neatly arranged ivy planters. All is prim and well-cared for, and the trickling water imparts a soft, wandering musical quality to the room. Occasional flashes on the walls from the pond allude to sparkling water there, or perhaps little fishes.'),(6,28,''),(6,29,'The turf here is lush and springy, suggestive of marshy conditions. A cool breeze carries the scent of exotic flowers and the cries of birds. A crystalline stream forms a path leading to the Alliance of the Eclipse.'),(7,1,'Matted reeds crack beneath your footfall as you follow a well-used trail. The noisome vegetation grows in thick clumps, and the ground underfoot is alternately spongy and humped. The buzz of midges and the chirp of frogs remind you that this place teems with dreams not your own.'),(7,2,''),(7,3,'Detailed mosaics feature organic and metallic components elevating the basic function of the room into a craftsmen paradise. Every detail seems executed in perfection \'cept for a portion reflecting an abrupt end to the fine work. An inscription carved in this area reads,\"My work is never finished. Let my touch not be diminished.'),(7,4,'Ageless mounds of earth serve as a platform for thick fields of lavender. Primitive designs made throughout the area play on angles and distance, only allowing their true images to be seen from specific perspectives.'),(7,5,'An elevated viewing room with ancient remains of unfinished projects and cast off tools. Vibrant wildflowers grow in clumps leaning towards various points in the heavens, as if fed by a myriad of celestial bodies.'),(7,6,'A high, scenic campground with the ancient remains of a building site. Wildflowers ring the grassy edges of the Oasis. Here the air is fresh, the water cascades pure, and the grassy mounds beckon you to linger in rest a moment longer before you push onward.'),(7,7,'Mossy footfalls can be heard in this place, even when there is no motion. Life clings here, by a thread; browning vines creep across the marble walls, clutching at them for support. The air is strangely still, but not quiet: The mossy steps of footfalls unseen casts an eerie aura all around.'),(7,8,''),(7,9,'Bright sunlight twinkles off the waters flowing all about the room. The gentle splashing of the water is muted by the acoustics and altered into the sound of a thousand tiny bells. Leafy green plants hang from the ceiling and bloom with tiny white flowerets. Flashes of silver in the central pool may be fish darting beneath the surface.'),(8,1,''),(8,2,''),(8,3,''),(8,4,''),(8,5,'Three broad columns of marble shield a mound-like structure, silent sentinels against intrusion or attack. Lush grasses pad the soil here, teeming with life. Yet the insects of the grasses steer clear of the pillars, as if in fear of their retribution.'),(8,6,''),(8,7,''),(8,8,''),(8,9,''),(8,10,''),(8,11,''),(8,12,''),(8,13,''),(8,14,''),(8,15,''),(8,16,''),(8,17,''),(8,18,''),(8,19,''),(8,20,''),(8,21,''),(8,22,''),(8,23,''),(8,24,''),(8,25,'The room radiates an aura of fantasy and mystery, which slowly fades as waves of lucidity infuse the air.'),(9,1,''),(9,2,''),(9,3,''),(9,4,''),(9,5,''),(9,6,''),(9,7,''),(9,8,''),(9,9,''),(9,10,''),(9,11,''),(9,12,''),(9,13,'Reeking mildew and thick fungus slowly crumble away the hard grey stone of the walls. Rotting vegetation squishes underfoot releasing the thick aroma of decay. The slow drip of water is the only sound as the leakage collects into the depression in the floor. A thin sheen of scum floats on top of the small pool.'),(9,14,''),(9,15,''),(9,16,''),(9,17,'The temperature drops sharply in this tunnel, drop of moisture beading and dropping from the ceiling, glistening in the faint light. Pale, mossy growths appear in patches throughout this pathway.'),(9,18,''),(9,19,''),(10,1,''),(10,2,''),(10,3,''),(10,4,'Dipping into the barrow is a small tunnel, leading within. The tunnel is sheltered by a massive stone disk, supported by chipped and broken columns of rock. The cave-like enclosure surrounding the barrow bears upon its walls visages like masks, leering ever inward, in exaggerated expressions of mirth, disdain, and arrogance.'),(10,5,''),(10,6,''),(10,7,''),(10,8,''),(10,9,''),(10,10,''),(10,11,''),(10,12,''),(10,13,''),(10,14,''),(10,15,''),(10,16,''),(10,17,''),(10,18,''),(10,19,''),(10,20,''),(10,21,''),(10,22,''),(11,1,''),(11,2,''),(11,3,''),(11,4,''),(11,5,''),(11,6,''),(11,7,''),(11,8,''),(11,9,''),(11,10,''),(11,11,''),(11,12,''),(11,13,''),(11,14,''),(11,15,''),(11,16,'Columns of rock rise up from the grassy plains. The sounds of myriad insects makes a perpetual hum. A rough dirt track wends its way past open fields, dank caves, and swift flowing rivers to make its way to the Order of the Sable Moon.'),(11,17,''),(12,1,''),(12,2,'Scorched and blackened earth spreads out before you. The gloomy sky hangs low and heavy, blanketing the land in perpetual twilight. An ancient path, clear of ash, leads through the darkened realm towards House Calenture.'),(12,3,''),(12,4,''),(12,5,''),(12,6,''),(12,7,''),(12,8,''),(12,9,''),(12,10,''),(12,11,''),(12,12,''),(12,13,'A grand structure spans the Evernight River with no ceiling to hide the view of the illustrious night sky. The soft song of crickets pierce the silence of the fresh night air.'),(12,14,''),(12,15,''),(12,16,''),(12,17,''),(12,18,''),(12,19,''),(12,20,''),(12,21,''),(12,22,''),(12,23,''),(12,24,''),(12,25,''),(12,26,''),(12,27,''),(12,28,''),(12,29,''),(12,30,''),(12,31,''),(12,32,'The night air from the open roof drifts down around you. The walls are splashed with bright colors. There are shelves on all four walls filled with burnt candles, half full vials, herbs, driftwood, and shiny metals. A large table stands in the far corner covered with parchments. The room manifests a scene of evident distraction.'),(13,1,'A deep grand valley opens before you. High above the winds howl like the clamor of battle, while below all is hushed silence. Gigantic monuments of stone, formed in impossible shapes, mark the path leading to the Protectors of Radiance.'),(13,2,'The valley descends sharply here, slopes falling away to dirt pathways. Spikes jut impossibly downward, anchored on nothing but the sunset skies. The eclipsed sun radiates a halo of light, casting an eerie illumination over everything.'),(13,3,''),(13,4,''),(13,5,''),(13,6,''),(13,7,''),(13,8,''),(13,9,''),(13,10,''),(13,11,''),(13,12,''),(13,13,'Wide steps, carved from the cliff face and paved carefully, dominate this space. A lone spike juts from the ground at floor level, casting its shadow toward the steps as if in challenge. A gentle breeze, wafting eastward grows stronger, colder, the higher you climb.'),(13,14,''),(13,15,''),(13,16,''),(13,17,''),(14,1,''),(14,2,''),(14,3,''),(14,4,'The sky pulses and shifts with an endless rainbow of color that stretches away into infinite distance. The strong breeze against which you must cling precariously to prevent being blown off also carries with it the cries of birds whose nests are made far below in the cliffside.'),(14,5,''),(14,6,''),(14,7,''),(14,8,''),(14,9,''),(14,10,''),(14,11,''),(14,12,''),(15,1,''),(15,2,''),(15,3,''),(15,4,''),(15,5,''),(15,6,''),(15,7,'A blanket of heat presses down upon this open roofed cavern, the air shimmering around the rocks. The air seems a thick cloud of humidity, pierced only by the buzz of insects distant and close alike.'),(15,8,''),(15,9,''),(15,10,''),(15,11,''),(15,12,''),(15,13,''),(15,14,''),(15,15,''),(15,16,''),(15,17,'A long-forgotten dreamquake tossed up stones that forgot to fall. They slowly drift and tumble across the sky, clattering against one another and unleashing a riotous thunder unlike anything mere lightning could inspire.'),(15,18,'An eerie silence greets you upon entrance to this room; the floating rocks above hang still in the air, seeming more motionless, more anchored, than the ground itself. Upon closer inspection, a slow motion can be felt from the stones below, as if the entire room floated upon a cloud itself.'),(15,19,''),(15,20,''),(15,21,''),(15,22,'Plantlife of all varieties covers ground and walls. A hazy sky casts muted light and long shadows. A small warm breeze whispers as an indistinct path makes its way in and out of dark tunnels on its way to the Keepers of Eternal Shadow.'),(16,1,'A strange gravity teaches stones to defy their nature here. Granite stormclouds threaten to rain down landslides. A chalky, limestone dust fog clings to the water\'s surface.'),(16,2,''),(16,3,''),(16,4,'Where elsewhere in the city vegetation overgrows rocks, here it is the rocks that have been planted, like beige seeds struggling to find enough sunlight within the uncontrolled mass of verdant fungal growth. The thick walls of lichens have been carved and shaped to allow passage, though its abundant growth threatens to retake the pathway at any time.'),(16,5,'A vivid mural of three eclipsed suns stand side by side, faded with time and dust. The few weapons lining the walls that arent entangled with growths of weeds and vines, are rusted through. The sun beats down on this open roofed garrison, casting shadows throughout. Motion is hinted at in the corners of sight, but upon closer examination, all is still.'),(16,6,''),(16,7,'A long, hot hiss escapes the vents, like a soul breaking free of its prison of a body, filling the room with a sticky humidity. The shadows on the stone flicker and waver with a heat that resents the wan light streaming in from above.'),(16,8,'Shadows made of secrets stretch longer than the ambient light would allow, reaching out to grasp new knowledge and add it to themselves. Gnawing uncertainty hangs like a gossamer veil from each archway, separating familiar from strange, known from unknown, past from future.'),(16,9,''),(17,1,''),(17,2,''),(17,3,''),(17,4,''),(17,5,''),(17,6,''),(17,7,''),(17,8,''),(17,9,''),(17,10,''),(17,11,''),(17,12,''),(17,13,''),(17,14,''),(17,15,''),(17,16,''),(17,17,''),(17,18,''),(17,19,''),(17,20,''),(17,21,''),(17,22,''),(17,23,''),(17,24,''),(17,25,''),(17,26,''),(17,27,''),(17,28,''),(17,29,''),(17,30,''),(17,31,''),(17,32,''),(18,1,''),(18,2,''),(18,3,''),(18,4,''),(18,5,''),(18,6,''),(18,7,''),(18,8,''),(18,9,''),(18,10,''),(18,11,''),(18,12,''),(18,13,''),(18,14,''),(18,15,''),(18,16,''),(18,17,''),(18,18,''),(18,19,''),(18,20,''),(18,21,''),(18,22,''),(18,23,''),(18,24,''),(18,25,''),(18,26,''),(18,27,''),(18,28,''),(18,29,''),(18,30,''),(18,31,''),(18,32,''),(19,1,''),(19,2,''),(19,3,'A carefully polished pathway leads under pristine arches of marbled stone. The air is filled with the lush scent of well-groomed grasses and cool waters. Each archway casts a shadow like a sculpture, lines perfect and unwavering.'),(19,4,''),(19,5,''),(19,6,''),(19,7,''),(19,8,''),(19,9,''),(19,10,''),(19,11,''),(19,12,'Twinkling down from above is a vast multitude of stars, wavering in brightness and intensity as if trying to signal distant allies. Movement across the polished marble road creates the clicking of boots regardless of the footwear of any individual passing. The grass is meticulously cultivated, no single touching or indeed even hanging over the stone road.'),(19,13,''),(19,14,''),(19,15,''),(19,16,''),(19,17,''),(19,18,''),(19,19,''),(19,20,''),(19,21,'The temperature here drops sharply from comfortably temperate, to a gentle cold. Mists waft off the structure dominating this space, crafted entirely of ice. The grasses closest to the building are crusted with frost, but grow strong despite this. They are repelled only by the inlay of stone surrounding the perimeter. A faint echo of sound might be heard here, perhaps saying Wish?'),(19,22,''),(19,23,''),(19,24,'Looming above floats a massive rock, leg-like extensions expanding out from it, casting a dark shadow below. On rare occasions, one massive stone-leg shifts above, as if looking for a more comfortable position, its movement creating a cacophony of sound and falling dust.'),(19,25,''),(19,26,''),(19,27,''),(19,28,''),(19,29,''),(19,30,''),(19,31,''),(19,32,''),(19,33,''),(19,34,''),(20,1,'Bright salvation shines like a beacon of hope in the mind. Symbols of times forgotten remain bright and untarnished. Power and age seem to flow from the stone of the walls.'),(20,2,''),(20,3,'The power of sanctuary seems amplified more than usual here. The openness of the floor seems to portray a military parade ground being readied for the freedom of movement needed by a pair of duelists. Thick granite walls present a look of unyielding strength.'),(20,4,''),(20,5,'A radiant sense of peace and warmth pervades the atmosphere here, the gentle colors are pleasing to the eye. The hand-woven tapestries that hang from the ceiling are of exceptional quality and show a master artist\'s touch.'),(20,6,''),(20,7,'The musty scent of old books lends this room the feel of an ancient library. The floor is clean and spacious, seeming almost ready for apparatus of experimentation to be placed. The myriad designs on the walls evoke the possibilities of understanding the unknown.'),(20,8,''),(20,9,'A sense of strength permeates throughout the room. The large regular tiles that mark the floor demonstrate an even hand and careful eye. Striated rock forms walls reminiscent of a hall of judgment.'),(20,10,''),(20,11,'A sense of purpose charges the air in this room. The golden tiles of the floor sparkle with an inner energy. Rough hewn but solid walls impart a feeling of valor unquenchable.'),(20,12,''),(20,13,'Silence, like a palpable thing, resides in this room. All is laid out with a careful eye to remain random. The murals across the walls speak of stories more ancient than memory and more real than life.'),(20,14,''),(20,15,'The quiet sanctity of this room lends the feeling of a temple. The floor is mottled but unbroken like a foundation built of faith. Careful geometric marks seem to hold mysteries beyond their appearance.'),(20,16,''),(20,17,''),(21,1,''),(21,2,''),(21,3,''),(21,4,''),(21,5,''),(21,6,''),(21,7,''),(21,8,''),(21,9,''),(21,10,''),(21,11,''),(21,12,''),(21,13,''),(21,14,''),(21,15,''),(21,16,''),(21,17,''),(21,18,''),(21,19,''),(21,20,''),(21,21,''),(21,22,''),(21,23,''),(21,24,''),(21,25,''),(21,26,''),(21,27,''),(21,28,''),(21,29,''),(21,30,''),(21,31,''),(22,1,''),(22,2,'A disembodied clack-clack-clack, like a calculating abacus, echos through the room, adding a rhythmic back note to a steady hum of energy radiating from the depths of the stronghold. The stone is gently worn, giving indication of movement throughout the house.'),(22,3,'Light reflects off grand mosaic walls with elevated alcoves which radiating subtle energy from within. Pillars reaching to the sky seem to cast off unique icons related to the artifacts in the sky giving clue of a higher celestial relationship.'),(22,4,'Water, thick with living nutrient, flows through the room and off towards unknown filtration areas. Situated to allow for a showcase of floating displays, the center portion of the room stands out as it is uniquely lit by the heavens.'),(22,5,''),(22,6,'Training dummies and worn scrolls litter the room, some more worn than others. Cheeky comments featuring the names of dreamers - some familiar and some not - accent the walls, suggesting a place of raucous camaraderie and study.'),(22,7,''),(22,8,''),(22,9,'Worn foot marks speak to the pacing strides of thoughtful visitors. Scorch marks scattered about the room give indication of the Star\'s resting place. Though the room shows obvious signs of traffic the corners are decorated with lounge pillows and countless journals depicting algorithms and training exercises.'),(22,10,''),(22,11,''),(22,12,''),(22,13,''),(22,14,''),(22,15,''),(22,16,'Warm water moves through the room, faintly smelling of metal and ozone. The metallic details of the wall seem perpetually poilshed and offer strangely distorted reflections of anyone nearby, like twisted mirrors of reality.'),(22,17,''),(22,18,''),(22,19,''),(22,20,''),(22,21,''),(22,22,''),(22,23,''),(22,24,''),(22,25,''),(22,26,''),(22,27,''),(22,28,''),(22,29,''),(22,30,'Tender warmth like a friendly hug emanates from the center icon of the Eclipse. At the edge of hearing and sight whispers the constant scratch of stylus to parchment and unique sound of thick tomes falling shut. The scent of oiled leather and unseen fire tickles at the nose.'),(22,31,''),(23,1,''),(23,2,''),(23,3,''),(23,4,''),(23,5,''),(23,6,''),(23,7,''),(23,8,''),(23,9,''),(23,10,''),(23,11,''),(23,12,''),(23,13,''),(23,14,''),(23,15,''),(23,16,''),(23,17,''),(23,18,''),(23,19,''),(23,20,''),(23,21,''),(23,22,''),(23,23,''),(23,27,''),(23,28,''),(23,29,''),(23,30,''),(23,31,''),(23,32,''),(24,1,''),(24,2,''),(24,3,''),(24,4,''),(24,5,''),(24,6,''),(24,7,''),(24,8,''),(24,9,''),(24,10,''),(24,11,''),(24,12,''),(24,13,''),(24,14,''),(24,15,''),(24,16,''),(24,17,''),(24,18,''),(24,19,''),(24,20,''),(24,21,''),(24,22,''),(24,23,''),(24,24,''),(24,25,''),(24,26,''),(24,27,''),(24,28,''),(24,29,''),(24,30,''),(25,1,''),(25,2,''),(25,3,''),(25,4,''),(25,5,''),(25,6,''),(25,7,''),(25,8,''),(25,9,''),(25,10,''),(25,11,''),(25,12,''),(25,13,''),(25,14,''),(25,15,''),(25,16,''),(25,17,''),(25,18,''),(25,19,''),(25,20,''),(25,21,''),(25,22,''),(25,23,''),(25,24,''),(25,25,''),(25,26,''),(25,27,''),(25,28,''),(25,29,''),(25,30,''),(25,31,''),(26,1,''),(26,2,'A dark marble pavilion is flanked all about by portals. Overhead, the bright sky shines warmly on sandstone floors and walls.'),(26,3,'Splashing water sounds and brilliantly sky-lit central spaces lead to shadowed portals. Murals overhead depict a tall lady in long flowing robes surveying the expanses below.'),(26,4,'Soft lit sand stone walls are hung with tapestries depicting Initiates, Guardians and Rulers of the Union in amicable discussion. A slender, long haired woman balancing an amphora on her shoulder watches from the background.'),(26,5,''),(26,6,''),(26,7,''),(26,8,''),(26,9,''),(26,10,''),(26,11,''),(26,12,''),(26,13,'Bright beams of light, sombre shadows and dancing motes of dust amplify the vaulted spaces of this cavernous, silent room.'),(26,14,'Three portals adorn three walls. The fourth wall, curiously bare, is flanked by two statues of a tall, slender woman.'),(26,15,''),(26,16,''),(26,17,''),(26,18,''),(26,19,''),(26,21,''),(26,22,''),(26,23,''),(26,24,''),(26,25,''),(26,26,''),(26,27,''),(26,28,''),(26,29,''),(26,30,'The ancient stone walls of this armory are engraved with four full length bas reliefs of people. Above each is carved a simple balance. The first shows a smiling, slender man. He holds a leafy twig in his right hand. Beneath his feet is the inscription \"Chance\". The second bas relief shows a tall, stern faced woman. She wears a necklace of tear shaped crystals, and a blade at her belt. Her inscription reads \"Takana\". The third image shows a man in warrior\'s leathers. He holds a dove between his hands, and a round shield rests against his legs. His legend reads \"Tierlan\". The last engraving is of a slender man in silken robes. In his right hand he holds a tongue of flame, and his left grasps a wine bottle. His inscription reads \"Sigwulf.\"'),(27,1,'The air here is dank and cold. Where elsewhere even the slightest hum of energy can be felt, this place is utterly lifeless. A sense of loss and foreboding hangs in the atmosphere like a dark spectre.'),(27,2,''),(27,3,''),(27,4,''),(27,5,''),(27,6,''),(27,7,''),(27,8,''),(27,9,''),(27,10,''),(27,11,''),(27,12,''),(27,13,''),(27,14,''),(27,15,''),(27,16,''),(27,17,''),(27,18,''),(27,19,''),(27,20,''),(27,21,''),(27,22,''),(27,23,''),(28,1,''),(28,2,''),(28,3,''),(28,4,''),(28,5,''),(28,6,''),(28,7,''),(28,8,'A raised dais in the center of this four hall passageway appears to be excavated from the rock, an uncovered relic of ages long since past. The cool, damp air here is dusty. Light filters in from above, a window to the sky directly centered over the dais.'),(28,9,''),(28,10,''),(28,11,''),(28,12,''),(29,1,''),(29,2,''),(29,3,''),(29,4,''),(29,5,''),(29,6,''),(29,7,''),(29,8,''),(29,9,''),(29,10,''),(29,11,''),(29,12,''),(29,13,''),(29,14,''),(29,15,''),(29,16,''),(29,17,'The air here is dank and cold. Where elsewhere even the slightest hum of energy can be felt, this place is utterly lifeless. A sense of loss and foreboding hangs in the atmosphere like a dark spectre.'),(29,18,''),(29,19,''),(29,20,''),(29,21,'Cameo reliefs of ancient FateSenders are carved into the blood-red walls of the Guild Hall. Flames make the deep shadows dance across the faces and gives them a hauntingly lifelike quality, some so much so that they appear to be speaking. The warmth of the boiling pool in the center can be felt throughout the room; it awakens the senses. Everything seems to be slightly out of focus here as if altered by a FateSender\'s practice.'),(30,1,''),(30,2,''),(30,3,'This cavernous chamber echoes with sounds, both quiet and loud. The dripping of distant water, perhaps. The shriek of an Agoknights cry, the cacophony of footsteps and distant battle, clashing steels and cries of the wounded. The facets of the obsidian walls reflect light, and sometimes, faces of dreamers long since past.'),(30,4,''),(30,5,''),(30,6,''),(30,7,'Crystalline obsidian shines from the walls, reflecting a blueish black tinge over everything. Alcoves in the walls, flat facets larger than a man, are mixed with strangely reddened rock. Not quite ruby, not quite obsidian, but some strange mix between. It appears swirled, as though nearly forming a portal.'),(30,8,''),(30,9,''),(30,10,''),(30,11,'The tiny facets of obsidian walls refract the eerie glow of lava in this cavern, an oppressive heat rolling in waves from the river. The crimson glow of the river on the walls casts shadows like skulls, an ominous portent of dreams to come.'),(30,12,''),(30,13,''),(30,14,'This room is flooded with lava, small islands of barely formed rock are the only shelter from the murderous liquid. Obsidian spikes jut upward from the pools, as if in defiance of the scarlet lava. The air is sulfurous, and humid, making it difficult to breathe.'),(30,15,'Waves of heat suppress everything in this chamber, a spring of lava rising in a triangular structure, holding the burning liquid back. Four spikes rise from that structure, seeming to soak in the molten lava; the surface of each spike ripples as though liquid itself, shimmering in the heat.'),(31,1,''),(31,2,''),(31,3,''),(31,4,''),(31,5,''),(31,6,''),(31,7,''),(31,8,''),(31,9,''),(31,10,''),(31,11,''),(31,12,'Glittering with refracted light, the stone cliff face is pockmarked with tiny opal gemstones. The air is frosty cold here, breath coming in puffs of visible vapor. Silence blankets everything, but offers no warmth.'),(31,13,''),(31,14,''),(31,15,''),(31,16,''),(31,17,'The obscured tunnel, encircled with a thick slab of foliage and overgrowth, appears to conceal long-forgotten mysteries. The vegetation, deeply entrenched in every surface, looks to be the only reinforcement preventing a collapse of the decayed structure within.'),(31,18,''),(31,19,''),(31,20,''),(32,1,''),(32,2,''),(32,3,''),(32,4,''),(32,5,''),(32,6,''),(32,7,''),(32,8,''),(32,9,''),(32,10,''),(32,11,''),(32,12,''),(32,13,''),(32,14,''),(32,15,''),(32,16,''),(32,17,''),(32,18,''),(32,19,''),(32,20,''),(32,21,'Intense waves of steam and humidity mix with a faint scent of sulfur through the cavernous room. Condensation drips down the roots gripping the cool stone walls into the warm, bubbling water below.'),(33,1,'In this room can be seen a worn down landscape, rocks and pieces of upturned soil, dried remnants of what looks like grasses strewn about the landscape. The air is thick with a hint of smoke. In the distance can be heard crows cawing.'),(33,2,''),(33,3,''),(33,4,''),(33,5,''),(33,6,''),(33,7,''),(33,8,''),(33,9,''),(33,10,''),(33,11,''),(33,12,''),(33,13,''),(33,14,''),(33,15,''),(33,16,''),(33,17,'A faded, granite pillar reaches to the sky here, ringed by concentric circles of stairs below, and concentric marble rings above. Ivy flourishes on the walls of this chamber, obscuring the faded etchings of times long past.'),(33,18,'The air here is dank and cold. Where elsewhere even the slightest hum of energy can be felt, this place is utterly lifeless. A sense of loss and foreboding hangs in the atmosphere like a dark spectre.'),(33,19,''),(33,20,''),(33,21,''),(33,22,'The gentle trickle of waters swirling inhabits this room like a friendly presence. A quiet hum speaks over the voice of the waters, emanating from the careful-cut hexagon floating in midair.'),(33,23,''),(34,1,''),(34,2,''),(34,3,''),(34,4,''),(34,5,''),(34,6,''),(34,7,''),(34,8,'Gusts of arid air blow down from the corners of this room, an ever shifting pattern of winds chasing around the center. The walls are marbled blue and creamy, and appear to blend with the patterns of the moving winds.'),(34,9,''),(34,10,''),(34,11,'The air is still and dead in this musty chamber. Eerie, white-light moss grows on a few of the walls, but otherwise the room is made of darkness and shadows.'),(34,12,'The portal across the blackened chasm splitting the center of this passage shines like a beacon, drawing any and all toward it. The wide stone steps leading down are ever so slightly sloped, inviting stepping down. A gentle breeze as if from nowhere pushes toward the center, and the air is sucked down into the schism.'),(34,13,'Deep shifting shadows make the multi-veined rock of the wall appear sinister. A few scraps of cloth are scattered about, long deteriorated. The utter silence and the darkness of the room make it appear cramped. The air is thin and dry.'),(34,14,''),(34,15,''),(34,16,''),(35,1,''),(35,2,''),(35,3,''),(35,4,''),(35,5,''),(35,6,''),(35,7,''),(35,8,''),(35,11,''),(35,12,''),(35,13,''),(35,14,''),(35,15,''),(35,16,''),(35,17,''),(35,18,''),(36,1,''),(36,2,''),(36,3,''),(36,4,''),(36,5,''),(36,6,''),(36,7,''),(36,8,''),(36,9,''),(36,10,''),(36,13,''),(36,14,''),(36,15,''),(36,16,''),(36,17,''),(36,18,''),(37,1,'The passageway grows dark. Cracks in the strata seem to merge in one direction. The rocks glisten, touched by some form of moisture. Signs of decay and a faint musty odor are evident.'),(37,2,'The air here shimmers with humidity, though the walls seem curiously cracked and dried. Rivulets of some dried dark fluid can be seen in the cracks. Strange grooves seem worn into the support pillars as if something was once secured to them.'),(37,3,'This room seems formed for a small child. The cramped walls seem to squeeze in on you and convey a sense of claustrophobia. The hot damp air is suffocating.'),(37,4,'A horrid stench permeates the air here. The scarce light sends ugly shadows jumping against cobwebbed walls, their surfaces damp with mold, fungus, and decay.'),(37,5,'Some explosive force appears to have cracked open wide this tunnel, exposing the open air. A gentle warmth oozes in from outside, combating the cold, damp underground atmosphere. Supports of red rock hold the ceiling in place, but one cannot help but be conscious of the tons of rock surely overhead.'),(37,6,''),(37,7,'Liquid earth pours into this chamber from two channels; one of sand, and the other of soil. They meet in the middle, flowing downward into some great funnel, intermixing to create a sandy mud, to some unknown purpose.'),(37,8,''),(37,9,''),(37,10,''),(38,1,''),(38,2,''),(38,3,''),(38,4,''),(38,5,''),(38,6,''),(38,7,''),(39,1,'Gently ascending stairs lead up to a two-way path to enter the U formation of the room, around the center wall. Column-sized sculptures stand in their own nooks around the entrance\'s grand wall, displaying an array of colorful names, initials, symbols, images, and etchings. Large emblems of the eight great houses are hung above what appear to be secured, gated passages.'),(39,2,''),(39,3,'Overgrown ivy hangs carelessly in this chamber, drooping from the low ceilings like curtains. The rock of this cave is tread smooth, as if from the passage of thousands of people over many years; alcoves in the walls hint at art perhaps once displayed, but now contain only rubble.'),(39,4,''),(39,5,'This squarish chamber appears relatively unadorned, marble walls alternating with marble brickwork giving it a simple, yet elegant appearance. For all its simplicity, the air thrums with untapped energy, occasionally hissing, snapping, or crackling as if a roaring fireplace were burning through its wood supply.'),(39,6,''),(39,7,'Faceted natural gemstones inlay the very walls of this sandy-bottomed chamber. The radiance of the crystals creates a cascading shimmer at your peripheral vision. The would-be silence of the cavern is corrupted by the nearby thrum of a flow of water.'),(39,8,''),(39,9,'The reverberating echo of the cascading water drowns any other sounds and voices. A sense of ancient secrets and grounded power immerses the room like the torrent falling from above, and dry dust at the wall\'s edge confirms this to be an old place.'),(39,10,''),(39,11,''),(39,12,''),(39,13,'A glance out the windows reveals this to be the apex of a tower of nigh-impossible height, far above the Pits below. A low, rolling rumble emanates from the three columns around the room and causes the floor and walls to vibrate rhythmically. The stones of the central column are unnaturally cool to the touch, however a pulsing flow of heat at its heart feeds the roaring flame at its summit.'),(39,14,'Down the steps you go, higher and higher. Up the spiral you climb, lower and lower.'),(39,15,'Down the steps you go, higher and higher. Up the spiral you climb, lower and lower.'),(39,16,''),(39,17,''),(39,18,''),(39,19,''),(39,20,''),(39,21,''),(39,22,''),(39,23,''),(39,24,''),(39,25,''),(39,26,''),(39,27,''),(39,28,''),(39,29,''),(39,30,'Tapestries, torches, and intricate carvings detail this room to the extreme. A cool breeze shifts throughout the room, with no apparently source or escape. Cramped, tiny writing coats all of the walls, in an unknown script. One pair of words, perhaps a name, appears all throughout: Renrut Nek'),(39,31,'Upon entry, this expansive circular room has an inviting atmosphere. A cluster of mounted flames form the illusion of orbiting the elegant chandelier, which dangles from the middle of the tall concave ceiling. Its teardrop crystals reflect the lit candles, casting a glow of illumination across the golden, ornate interior. The hard, polished floor has a spiral design that starts from the center of the room and expands outward. Off to one side, a harp and other musical instruments can be seen. Heavy maroon curtains are draped around ancient murals, as if in presentation. Ground torches gleam near the painted walls, staving off the creeping shadows.'),(40,1,''),(41,1,''),(41,2,''),(41,3,''),(41,4,''),(41,5,''),(41,6,''),(41,7,''),(41,8,''),(41,9,''),(41,10,''),(41,11,''),(41,12,''),(41,13,''),(41,14,''),(41,15,''),(41,16,''),(41,17,''),(41,18,''),(41,19,''),(41,20,''),(41,21,''),(41,22,''),(41,23,''),(41,24,''),(41,25,''),(41,26,''),(41,27,''),(41,28,''),(41,29,''),(42,1,''),(42,2,''),(42,3,'The boundaries of the hall shift and waver, spreading outwards to a range beyond sight. Silence is so pervasive it throbs in your ears, punctuated at rare intervals with the faint rattling of iron on stone. The altar seems to draw the heat from the room despite the glowing braziers atop it. Acrid smoke climbs in thin spirals from the fires to sting your eyes. Air, thick and cloying, with an unidentifiable scent, leaves a coppery taste in your mouth. Pulsing light from the swirling pools below reflects about the room, bathing it in a crimson dance of macabre and grotesque figures.'),(42,4,''),(42,5,''),(42,6,''),(42,7,''),(42,8,''),(42,9,''),(42,10,''),(42,11,''),(42,12,''),(42,13,''),(42,14,''),(42,15,''),(42,16,''),(42,17,''),(42,18,''),(42,19,''),(42,20,''),(43,1,''),(43,2,''),(43,3,''),(43,4,''),(43,5,''),(43,6,''),(43,7,''),(43,8,''),(43,9,''),(43,10,''),(43,11,''),(44,1,''),(44,2,''),(44,3,''),(45,1,''),(45,2,''),(45,3,''),(45,4,''),(45,5,''),(45,6,''),(45,7,''),(45,8,''),(45,9,''),(45,10,''),(45,11,''),(45,12,''),(45,13,''),(45,14,''),(45,15,''),(45,16,''),(45,17,''),(45,18,''),(45,19,''),(45,20,''),(45,21,''),(46,1,''),(46,2,''),(46,3,''),(46,4,''),(46,5,''),(46,6,''),(46,7,''),(46,8,''),(46,9,''),(46,10,''),(46,11,''),(46,12,''),(46,13,''),(46,14,''),(46,15,''),(46,16,''),(46,17,''),(46,18,''),(46,19,''),(46,20,''),(46,21,''),(47,1,''),(47,2,''),(47,3,''),(47,4,''),(47,5,''),(47,6,''),(47,7,''),(47,8,''),(47,9,''),(47,10,''),(47,11,''),(47,12,''),(47,13,''),(47,14,''),(47,15,''),(48,1,''),(48,2,''),(48,3,''),(48,4,''),(48,5,''),(48,6,''),(48,7,''),(48,8,''),(48,9,''),(48,10,''),(48,11,''),(48,12,''),(20,18,''),(20,19,'Silence lingers peacefully beneath the blanket of light and shadow. The air is cool and calm, painting each soulsphere around the room with a tender brush stroke. Each shrine around the room rests atop a marble pedestal and endless inscriptions of names, symbols, and messages are etched into each. One message near the symbol of eternity stands out: \"Rest in Peace, Dreamers.\" Every surface of the room seems to be stained in tears.');
/*!40000 ALTER TABLE `room_desc` ENABLE KEYS */;
UNLOCK TABLES;
/*!40103 SET TIME_ZONE=@OLD_TIME_ZONE */;

/*!40101 SET SQL_MODE=@OLD_SQL_MODE */;
/*!40014 SET FOREIGN_KEY_CHECKS=@OLD_FOREIGN_KEY_CHECKS */;
/*!40014 SET UNIQUE_CHECKS=@OLD_UNIQUE_CHECKS */;
/*!40101 SET CHARACTER_SET_CLIENT=@OLD_CHARACTER_SET_CLIENT */;
/*!40101 SET CHARACTER_SET_RESULTS=@OLD_CHARACTER_SET_RESULTS */;
/*!40101 SET COLLATION_CONNECTION=@OLD_COLLATION_CONNECTION */;
/*!40111 SET SQL_NOTES=@OLD_SQL_NOTES */;

-- Dump completed on 2017-10-06 21:00:25
